signal_idx,entry_time,date,strategy,direction,reason,level,spread_moves,body_moves,recent_moves,entry,stop,target,exit_price,exit_time,outcome,pnl_moves,hold_minutes,ambiguous_same_candle
31,2026-06-02 03:31:00+03:00,2026-06-02,Fast Reversal,BUY,Rise 28.5 moves from recent low + green candle,1.16317,2.0,10.5,27.0,1.16347,1.16329,1.16372,1.16329,2026-06-02 03:41:00+03:00,LOSS,-18.0,10,False
54,2026-06-02 03:54:00+03:00,2026-06-02,Fast Reversal,SELL,Drop 23.0 moves from recent high + red candle,1.16329,2.0,10.0,13.0,1.16305,1.16323,1.1628,1.16323,2026-06-02 04:00:00+03:00,LOSS,-18.0,6,False
60,2026-06-02 04:00:00+03:00,2026-06-02,Fast Reversal,BUY,Rise 31.0 moves from recent low + green candle,1.16293,4.0,9.5,29.5,1.16326,1.16308,1.16351,1.16351,2026-06-02 04:12:00+03:00,WIN,25.0,12,False
72,2026-06-02 04:12:00+03:00,2026-06-02,Fast Reversal,BUY,Rise 30.5 moves from recent low + green candle,1.16324,3.0,13.0,16.0,1.16356,1.16338,1.16381,1.16338,2026-06-02 04:20:00+03:00,LOSS,-18.0,8,False
99,2026-06-02 04:39:00+03:00,2026-06-02,Fast Reversal,SELL,Drop 25.0 moves from recent high + red candle,1.16353,2.0,9.0,15.0,1.16327,1.16345,1.16302,1.16345,2026-06-02 04:43:00+03:00,LOSS,-18.0,4,False
104,2026-06-02 04:44:00+03:00,2026-06-02,Fast Reversal,SELL,Drop 23.0 moves from recent high + red candle,1.16353,4.0,8.5,2.5,1.16328,1.16346,1.16303,1.16303,2026-06-02 04:47:00+03:00,WIN,25.0,3,False
114,2026-06-02 04:54:00+03:00,2026-06-02,Fast Reversal,BUY,Rise 30.0 moves from recent low + green candle,1.16285,3.0,11.0,18.0,1.16317,1.16299,1.16342,1.16318,2026-06-02 05:14:00+03:00,WIN,1.0,20,False
120,2026-06-02 05:00:00+03:00,2026-06-02,Fast Reversal,BUY,Rise 26.0 moves from recent low + green candle,1.16292,3.0,11.0,8.0,1.1632,1.16302,1.16345,1.16302,2026-06-02 05:08:00+03:00,LOSS,-18.0,8,False
319,2026-06-02 08:19:00+03:00,2026-06-02,Fast Reversal,SELL,Drop 24.5 moves from recent high + red candle,1.16398,3.0,23.5,18.0,1.16372,1.1639,1.16347,1.16385,2026-06-02 08:39:00+03:00,LOSS,-13.0,20,False
366,2026-06-02 09:06:00+03:00,2026-06-02,Fast Impulse Breakout,BUY,Break above 20m high + 29.0 moves impulse,1.16388,6.0,23.5,29.0,1.16412,1.16394,1.16437,1.16437,2026-06-02 09:11:00+03:00,WIN,25.0,5,False
371,2026-06-02 09:11:00+03:00,2026-06-02,Fast Impulse Breakout,BUY,Break above 20m high + 42.0 moves impulse,1.16423,3.0,33.0,42.0,1.16454,1.16436,1.16479,1.16479,2026-06-02 09:25:00+03:00,WIN,25.0,14,False
377,2026-06-02 09:17:00+03:00,2026-06-02,Fast Reversal,BUY,Rise 66.0 moves from recent low + green candle,1.16397,2.0,11.5,3.5,1.16464,1.16446,1.16489,1.16489,2026-06-02 09:25:00+03:00,WIN,25.0,8,False
384,2026-06-02 09:24:00+03:00,2026-06-02,Fast Reversal,BUY,Rise 25.5 moves from recent low + green candle,1.16447,4.0,8.0,14.0,1.16475,1.16457,1.165,1.165,2026-06-02 09:25:00+03:00,WIN,25.0,1,False
393,2026-06-02 09:33:00+03:00,2026-06-02,Fast Impulse Breakout,BUY,Break above 20m high + 29.5 moves impulse,1.16506,3.0,24.0,29.5,1.16522,1.16504,1.16547,1.16504,2026-06-02 09:35:00+03:00,LOSS,-18.0,2,False
398,2026-06-02 09:38:00+03:00,2026-06-02,Fast Reversal,BUY,Rise 29.5 moves from recent low + green candle,1.16486,4.0,8.5,6.0,1.16517,1.16499,1.16542,1.16499,2026-06-02 09:42:00+03:00,LOSS,-18.0,4,False
404,2026-06-02 09:44:00+03:00,2026-06-02,Fast Reversal,SELL,Drop 36.5 moves from recent high + red candle,1.16519,5.0,23.0,27.5,1.1648,1.16498,1.16455,1.16498,2026-06-02 09:47:00+03:00,LOSS,-18.0,3,False
422,2026-06-02 10:02:00+03:00,2026-06-02,Fast Reversal,SELL,Drop 26.5 moves from recent high + red candle,1.16508,2.0,10.5,12.0,1.16481,1.16499,1.16456,1.16499,2026-06-02 10:04:00+03:00,LOSS,-18.0,2,False
430,2026-06-02 10:10:00+03:00,2026-06-02,Fast Reversal,SELL,Drop 29.5 moves from recent high + red candle,1.16501,1.0,12.5,14.5,1.16471,1.16489,1.16446,1.16463,2026-06-02 10:30:00+03:00,WIN,8.0,20,False
441,2026-06-02 10:21:00+03:00,2026-06-02,Fast Reversal,BUY,Rise 23.5 moves from recent low + green candle,1.16449,3.0,8.5,7.0,1.16474,1.16456,1.16499,1.16456,2026-06-02 10:25:00+03:00,LOSS,-18.0,4,False
451,2026-06-02 10:31:00+03:00,2026-06-02,Fast Reversal,BUY,Rise 35.0 moves from recent low + green candle,1.16449,4.0,24.5,31.0,1.16486,1.16468,1.16511,1.16468,2026-06-02 10:33:00+03:00,LOSS,-18.0,2,False
461,2026-06-02 10:41:00+03:00,2026-06-02,Fast Reversal,BUY,Rise 24.5 moves from recent low + green candle,1.16465,2.0,9.0,15.5,1.1649,1.16472,1.16515,1.16472,2026-06-02 10:46:00+03:00,LOSS,-18.0,5,False
469,2026-06-02 10:49:00+03:00,2026-06-02,Fast Reversal,BUY,Rise 23.5 moves from recent low + green candle,1.1647,5.0,11.0,10.0,1.16496,1.16478,1.16521,1.16478,2026-06-02 10:51:00+03:00,LOSS,-18.0,2,False
485,2026-06-02 11:05:00+03:00,2026-06-02,Fast Reversal,BUY,Rise 32.0 moves from recent low + green candle,1.16477,5.0,10.5,16.0,1.16511,1.16493,1.16536,1.16493,2026-06-02 11:08:00+03:00,LOSS,-18.0,3,False
490,2026-06-02 11:10:00+03:00,2026-06-02,Fast Reversal,SELL,Drop 43.0 moves from recent high + red candle,1.16526,2.0,19.0,25.0,1.16482,1.165,1.16457,1.16457,2026-06-02 11:16:00+03:00,WIN,25.0,6,False
518,2026-06-02 11:38:00+03:00,2026-06-02,Fast Reversal,SELL,Drop 24.5 moves from recent high + red candle,1.16479,2.0,11.5,18.0,1.16453,1.16471,1.16428,1.16471,2026-06-02 11:40:00+03:00,LOSS,-18.0,2,False
526,2026-06-02 11:46:00+03:00,2026-06-02,Fast Reversal,SELL,Drop 29.5 moves from recent high + red candle,1.16473,1.0,8.5,20.0,1.16443,1.16461,1.16418,1.16418,2026-06-02 12:03:00+03:00,WIN,25.0,17,False
536,2026-06-02 11:56:00+03:00,2026-06-02,Fast Reversal,SELL,Drop 31.0 moves from recent high + red candle,1.16453,6.0,13.5,21.0,1.16419,1.16437,1.16394,1.16437,2026-06-02 11:59:00+03:00,LOSS,-18.0,3,False
543,2026-06-02 12:03:00+03:00,2026-06-02,Fast Reversal,SELL,Drop 37.0 moves from recent high + red candle,1.16444,2.0,14.5,19.0,1.16406,1.16424,1.16381,1.16424,2026-06-02 12:20:00+03:00,LOSS,-18.0,17,False
564,2026-06-02 12:24:00+03:00,2026-06-02,Fast Reversal,BUY,Rise 25.5 moves from recent low + green candle,1.16404,5.0,8.5,14.5,1.16432,1.16414,1.16457,1.16437,2026-06-02 12:44:00+03:00,WIN,5.0,20,False
574,2026-06-02 12:34:00+03:00,2026-06-02,Fast Reversal,BUY,Rise 23.0 moves from recent low + green candle,1.16421,4.0,11.5,9.5,1.16446,1.16428,1.16471,1.16428,2026-06-02 12:40:00+03:00,LOSS,-18.0,6,False
605,2026-06-02 13:05:00+03:00,2026-06-02,Fast Impulse Breakout,BUY,Break above 20m high + 29.5 moves impulse,1.16446,4.0,21.5,29.5,1.16456,1.16438,1.16481,1.16438,2026-06-02 13:06:00+03:00,LOSS,-18.0,1,False
616,2026-06-02 13:16:00+03:00,2026-06-02,Fast Reversal,SELL,Drop 37.0 moves from recent high + red candle,1.16451,4.0,16.0,33.0,1.16412,1.1643,1.16387,1.16387,2026-06-02 13:21:00+03:00,WIN,25.0,5,False
621,2026-06-02 13:21:00+03:00,2026-06-02,Fast Impulse Breakout,SELL,Break below 20m low + 28.0 moves impulse,1.16393,5.0,9.0,28.0,1.16385,1.16403,1.1636,1.16403,2026-06-02 13:24:00+03:00,LOSS,-18.0,3,False
656,2026-06-02 13:56:00+03:00,2026-06-02,Fast Reversal,SELL,Drop 31.0 moves from recent high + red candle,1.16461,2.0,17.5,17.0,1.16429,1.16447,1.16404,1.16447,2026-06-02 14:01:00+03:00,LOSS,-18.0,5,False
685,2026-06-02 14:25:00+03:00,2026-06-02,Fast Reversal,BUY,Rise 23.5 moves from recent low + green candle,1.1644,4.0,10.0,3.0,1.16466,1.16448,1.16491,1.16491,2026-06-02 14:39:00+03:00,WIN,25.0,14,False
695,2026-06-02 14:35:00+03:00,2026-06-02,Fast Reversal,BUY,Rise 22.0 moves from recent low + green candle,1.16456,1.0,10.5,5.0,1.16478,1.1646,1.16503,1.16503,2026-06-02 14:43:00+03:00,WIN,25.0,8,False
715,2026-06-02 14:55:00+03:00,2026-06-02,Fast Impulse Breakout,BUY,Break above 20m high + 27.5 moves impulse,1.16517,2.0,16.0,27.5,1.16526,1.16508,1.16551,1.16508,2026-06-02 14:57:00+03:00,LOSS,-18.0,2,False
722,2026-06-02 15:02:00+03:00,2026-06-02,Fast Reversal,SELL,Drop 35.0 moves from recent high + red candle,1.16528,5.0,9.5,12.0,1.16491,1.16509,1.16466,1.16509,2026-06-02 15:06:00+03:00,LOSS,-18.0,4,False
736,2026-06-02 15:16:00+03:00,2026-06-02,Fast Reversal,BUY,Rise 47.5 moves from recent low + green candle,1.16476,3.0,33.5,32.0,1.16525,1.16507,1.1655,1.16507,2026-06-02 15:18:00+03:00,LOSS,-18.0,2,False
745,2026-06-02 15:25:00+03:00,2026-06-02,Fast Reversal,BUY,Rise 39.5 moves from recent low + green candle,1.1649,5.0,10.5,3.5,1.16532,1.16514,1.16557,1.16514,2026-06-02 15:28:00+03:00,LOSS,-18.0,3,False
750,2026-06-02 15:30:00+03:00,2026-06-02,Fast Reversal,SELL,Drop 35.0 moves from recent high + red candle,1.1654,4.0,18.0,24.0,1.16503,1.16521,1.16478,1.16521,2026-06-02 15:33:00+03:00,LOSS,-18.0,3,False
755,2026-06-02 15:35:00+03:00,2026-06-02,Fast Impulse Breakout,BUY,Break above 20m high + 41.5 moves impulse,1.1654,3.0,13.0,41.5,1.16549,1.16531,1.16574,1.16531,2026-06-02 15:37:00+03:00,LOSS,-18.0,2,False
763,2026-06-02 15:43:00+03:00,2026-06-02,Fast Reversal,SELL,Drop 48.0 moves from recent high + red candle,1.16557,2.0,16.5,12.0,1.16508,1.16526,1.16483,1.16526,2026-06-02 16:02:00+03:00,LOSS,-18.0,19,False
769,2026-06-02 15:49:00+03:00,2026-06-02,Fast Reversal,SELL,Drop 27.0 moves from recent high + red candle,1.16535,2.0,10.5,3.0,1.16507,1.16525,1.16482,1.16525,2026-06-02 16:02:00+03:00,LOSS,-18.0,13,False
781,2026-06-02 16:01:00+03:00,2026-06-02,Fast Reversal,BUY,Rise 24.5 moves from recent low + green candle,1.16493,3.0,9.5,16.5,1.16519,1.16501,1.16544,1.16501,2026-06-02 16:08:00+03:00,LOSS,-18.0,7,False
788,2026-06-02 16:08:00+03:00,2026-06-02,Fast Impulse Breakout,SELL,Break below 20m low + 37.0 moves impulse,1.16493,1.0,45.0,37.0,1.16476,1.16494,1.16451,1.16494,2026-06-02 16:09:00+03:00,LOSS,-18.0,1,False
793,2026-06-02 16:13:00+03:00,2026-06-02,Fast Reversal,SELL,Drop 42.5 moves from recent high + red candle,1.16523,1.0,10.5,2.5,1.1648,1.16498,1.16455,1.16498,2026-06-02 16:16:00+03:00,LOSS,-18.0,3,False
801,2026-06-02 16:21:00+03:00,2026-06-02,Fast Reversal,SELL,Drop 34.0 moves from recent high + red candle,1.16512,4.0,9.5,20.5,1.16476,1.16494,1.16451,1.16494,2026-06-02 16:24:00+03:00,LOSS,-18.0,3,False
807,2026-06-02 16:27:00+03:00,2026-06-02,Fast Reversal,SELL,Drop 27.5 moves from recent high + red candle,1.165,4.0,16.5,0.5,1.16471,1.16489,1.16446,1.16446,2026-06-02 16:44:00+03:00,WIN,25.0,17,False
812,2026-06-02 16:32:00+03:00,2026-06-02,Fast Reversal,SELL,Drop 53.0 moves from recent high + red candle,1.165,3.0,24.0,27.5,1.16446,1.16464,1.16421,1.16464,2026-06-02 16:35:00+03:00,LOSS,-18.0,3,False
817,2026-06-02 16:37:00+03:00,2026-06-02,Fast Reversal,BUY,Rise 32.5 moves from recent low + green candle,1.16445,4.0,17.5,29.5,1.1648,1.16462,1.16505,1.16462,2026-06-02 16:39:00+03:00,LOSS,-18.0,2,False
824,2026-06-02 16:44:00+03:00,2026-06-02,Fast Reversal,SELL,Drop 37.5 moves from recent high + red candle,1.16481,5.0,11.0,18.5,1.16441,1.16459,1.16416,1.16416,2026-06-02 16:48:00+03:00,WIN,25.0,4,False
834,2026-06-02 16:54:00+03:00,2026-06-02,Fast Reversal,SELL,Drop 49.0 moves from recent high + red candle,1.16452,4.0,9.5,20.5,1.16401,1.16419,1.16376,1.16419,2026-06-02 16:56:00+03:00,LOSS,-18.0,2,False
840,2026-06-02 17:00:00+03:00,2026-06-02,Fast Impulse Breakout,SELL,Break below 20m low + 22.0 moves impulse,1.16396,4.0,46.0,22.0,1.16389,1.16407,1.16364,1.16407,2026-06-02 17:02:00+03:00,LOSS,-18.0,2,False
851,2026-06-02 17:11:00+03:00,2026-06-02,Fast Reversal,BUY,Rise 27.0 moves from recent low + green candle,1.16391,5.0,10.5,24.0,1.16421,1.16403,1.16446,1.16403,2026-06-02 17:18:00+03:00,LOSS,-18.0,7,False
856,2026-06-02 17:16:00+03:00,2026-06-02,Fast Reversal,BUY,Rise 36.5 moves from recent low + green candle,1.16392,1.0,12.0,10.5,1.16429,1.16411,1.16454,1.16411,2026-06-02 17:17:00+03:00,LOSS,-18.0,1,False
861,2026-06-02 17:21:00+03:00,2026-06-02,Fast Impulse Breakout,SELL,Break below 20m low + 55.0 moves impulse,1.16378,1.0,16.0,55.0,1.16372,1.1639,1.16347,1.1639,2026-06-02 17:25:00+03:00,LOSS,-18.0,4,False
868,2026-06-02 17:28:00+03:00,2026-06-02,Fast Reversal,BUY,Rise 32.5 moves from recent low + green candle,1.16365,5.0,10.0,24.0,1.164,1.16382,1.16425,1.16425,2026-06-02 17:32:00+03:00,WIN,25.0,4,False
875,2026-06-02 17:35:00+03:00,2026-06-02,Fast Impulse Breakout,BUY,Break above 20m high + 34.5 moves impulse,1.16437,2.0,14.0,34.5,1.16446,1.16428,1.16471,1.16471,2026-06-02 17:41:00+03:00,WIN,25.0,6,False
881,2026-06-02 17:41:00+03:00,2026-06-02,Fast Impulse Breakout,BUY,Break above 20m high + 36.5 moves impulse,1.16467,1.0,21.0,36.5,1.16487,1.16469,1.16512,1.16469,2026-06-02 17:44:00+03:00,LOSS,-18.0,3,False
887,2026-06-02 17:47:00+03:00,2026-06-02,Fast Reversal,SELL,Drop 50.5 moves from recent high + red candle,1.165,2.0,11.5,37.0,1.16448,1.16466,1.16423,1.16466,2026-06-02 17:56:00+03:00,LOSS,-18.0,9,False
892,2026-06-02 17:52:00+03:00,2026-06-02,Fast Reversal,BUY,Rise 26.5 moves from recent low + green candle,1.16431,5.0,21.5,8.0,1.1646,1.16442,1.16485,1.16442,2026-06-02 17:53:00+03:00,LOSS,-18.0,1,False
898,2026-06-02 17:58:00+03:00,2026-06-02,Fast Reversal,SELL,Drop 28.5 moves from recent high + red candle,1.16465,3.0,11.0,1.0,1.16435,1.16453,1.1641,1.1641,2026-06-02 18:03:00+03:00,WIN,25.0,5,False
903,2026-06-02 18:03:00+03:00,2026-06-02,Fast Impulse Breakout,SELL,Break below 20m low + 23.5 moves impulse,1.16418,5.0,9.5,23.5,1.16409,1.16427,1.16384,1.16427,2026-06-02 18:08:00+03:00,LOSS,-18.0,5,False
920,2026-06-02 18:20:00+03:00,2026-06-02,Fast Reversal,BUY,Rise 23.5 moves from recent low + green candle,1.16406,4.0,10.5,12.0,1.16432,1.16414,1.16457,1.16414,2026-06-02 18:26:00+03:00,LOSS,-18.0,6,False
925,2026-06-02 18:25:00+03:00,2026-06-02,Fast Reversal,SELL,Drop 36.0 moves from recent high + red candle,1.16452,3.0,22.0,14.0,1.16415,1.16433,1.1639,1.1639,2026-06-02 18:27:00+03:00,WIN,25.0,2,False
931,2026-06-02 18:31:00+03:00,2026-06-02,Fast Reversal,SELL,Drop 83.5 moves from recent high + red candle,1.16452,2.0,9.0,26.5,1.16368,1.16386,1.16343,1.16386,2026-06-02 18:36:00+03:00,LOSS,-18.0,5,False
936,2026-06-02 18:36:00+03:00,2026-06-02,Fast Reversal,BUY,Rise 36.5 moves from recent low + green candle,1.16356,4.0,8.5,22.0,1.16394,1.16376,1.16419,1.16376,2026-06-02 18:40:00+03:00,LOSS,-18.0,4,False
943,2026-06-02 18:43:00+03:00,2026-06-02,Fast Reversal,BUY,Rise 29.0 moves from recent low + green candle,1.16367,4.0,13.0,8.0,1.16398,1.1638,1.16423,1.1638,2026-06-02 19:00:00+03:00,LOSS,-18.0,17,False
960,2026-06-02 19:00:00+03:00,2026-06-02,Fast Impulse Breakout,SELL,Break below 20m low + 31.0 moves impulse,1.16376,1.0,33.5,31.0,1.16373,1.16391,1.16348,1.16391,2026-06-02 19:07:00+03:00,LOSS,-18.0,7,False
967,2026-06-02 19:07:00+03:00,2026-06-02,Fast Reversal,BUY,Rise 27.0 moves from recent low + green candle,1.16359,5.0,13.0,16.0,1.16389,1.16371,1.16414,1.16371,2026-06-02 19:08:00+03:00,LOSS,-18.0,1,False
976,2026-06-02 19:16:00+03:00,2026-06-02,Fast Reversal,SELL,Drop 27.5 moves from recent high + red candle,1.16398,4.0,9.5,7.0,1.16368,1.16386,1.16343,1.16343,2026-06-02 19:20:00+03:00,WIN,25.0,4,False
981,2026-06-02 19:21:00+03:00,2026-06-02,Fast Impulse Breakout,SELL,Break below 20m low + 38.5 moves impulse,1.16341,4.0,11.0,38.5,1.1633,1.16348,1.16305,1.16348,2026-06-02 19:22:00+03:00,LOSS,-18.0,1,False
989,2026-06-02 19:29:00+03:00,2026-06-02,Fast Impulse Breakout,SELL,Break below 20m low + 34.5 moves impulse,1.16321,2.0,15.5,34.5,1.16306,1.16324,1.16281,1.16281,2026-06-02 19:41:00+03:00,WIN,25.0,12,False
998,2026-06-02 19:38:00+03:00,2026-06-02,Fast Reversal,SELL,Drop 33.0 moves from recent high + red candle,1.16323,3.0,12.0,19.0,1.16289,1.16307,1.16264,1.1629,2026-06-02 19:58:00+03:00,LOSS,-1.0,20,False
1005,2026-06-02 19:45:00+03:00,2026-06-02,Fast Reversal,SELL,Drop 32.0 moves from recent high + red candle,1.16305,3.0,11.0,12.5,1.16272,1.1629,1.16247,1.1629,2026-06-02 19:47:00+03:00,LOSS,-18.0,2,False
1022,2026-06-02 20:02:00+03:00,2026-06-02,Fast Reversal,SELL,Drop 22.5 moves from recent high + red candle,1.16298,3.0,11.5,8.0,1.16274,1.16292,1.16249,1.16271,2026-06-02 20:22:00+03:00,WIN,3.0,20,False
1029,2026-06-02 20:09:00+03:00,2026-06-02,Fast Reversal,SELL,Drop 36.5 moves from recent high + red candle,1.16298,3.0,15.0,11.0,1.1626,1.16278,1.16235,1.16235,2026-06-02 20:27:00+03:00,WIN,25.0,18,False
1036,2026-06-02 20:16:00+03:00,2026-06-02,Fast Reversal,SELL,Drop 29.0 moves from recent high + red candle,1.16287,3.0,8.0,7.0,1.16256,1.16274,1.16231,1.16239,2026-06-02 20:36:00+03:00,WIN,17.0,20,False
1046,2026-06-02 20:26:00+03:00,2026-06-02,Fast Impulse Breakout,SELL,Break below 20m low + 28.5 moves impulse,1.16246,4.0,10.5,28.5,1.16236,1.16254,1.16211,1.16223,2026-06-02 20:46:00+03:00,WIN,13.0,20,False
1051,2026-06-02 20:31:00+03:00,2026-06-02,Fast Reversal,SELL,Drop 31.0 moves from recent high + red candle,1.1627,1.0,9.0,1.0,1.16239,1.16257,1.16214,1.16214,2026-06-02 20:50:00+03:00,WIN,25.0,19,False
1059,2026-06-02 20:39:00+03:00,2026-06-02,Fast Reversal,SELL,Drop 23.5 moves from recent high + red candle,1.16253,4.0,8.5,20.0,1.16227,1.16245,1.16202,1.16216,2026-06-02 20:59:00+03:00,WIN,11.0,20,False
1086,2026-06-02 21:06:00+03:00,2026-06-02,Fast Impulse Breakout,SELL,Break below 20m low + 25.0 moves impulse,1.16202,3.0,13.0,25.0,1.16196,1.16214,1.16171,1.16171,2026-06-02 21:18:00+03:00,WIN,25.0,12,False
1098,2026-06-02 21:18:00+03:00,2026-06-02,Fast Impulse Breakout,SELL,Break below 20m low + 31.0 moves impulse,1.16177,1.0,24.5,31.0,1.16156,1.16174,1.16131,1.16174,2026-06-02 21:22:00+03:00,LOSS,-18.0,4,False
1105,2026-06-02 21:25:00+03:00,2026-06-02,Fast Reversal,BUY,Rise 74.5 moves from recent low + green candle,1.16135,4.0,9.0,71.5,1.16212,1.16194,1.16237,1.16194,2026-06-02 21:26:00+03:00,LOSS,-18.0,1,False
1110,2026-06-02 21:30:00+03:00,2026-06-02,Fast Reversal,BUY,Rise 91.0 moves from recent low + green candle,1.16135,1.0,20.0,18.0,1.16227,1.16209,1.16252,1.16252,2026-06-02 21:39:00+03:00,WIN,25.0,9,False
1118,2026-06-02 21:38:00+03:00,2026-06-02,Fast Reversal,BUY,Rise 44.5 moves from recent low + green candle,1.16203,1.0,10.5,1.0,1.16248,1.1623,1.16273,1.16273,2026-06-02 21:46:00+03:00,WIN,25.0,8,False
1125,2026-06-02 21:45:00+03:00,2026-06-02,Fast Reversal,BUY,Rise 24.0 moves from recent low + green candle,1.16235,3.0,10.0,10.0,1.1626,1.16242,1.16285,1.16285,2026-06-02 21:49:00+03:00,WIN,25.0,4,False
1147,2026-06-02 22:07:00+03:00,2026-06-02,Fast Reversal,BUY,Rise 27.5 moves from recent low + green candle,1.16284,5.0,10.0,19.0,1.16314,1.16296,1.16339,1.16313,2026-06-02 22:27:00+03:00,LOSS,-1.0,20,False
1152,2026-06-02 22:12:00+03:00,2026-06-02,Fast Reversal,BUY,Rise 31.0 moves from recent low + green candle,1.16288,4.0,8.0,8.0,1.16321,1.16303,1.16346,1.16319,2026-06-02 22:32:00+03:00,LOSS,-2.0,20,False
1203,2026-06-02 23:03:00+03:00,2026-06-02,Fast Reversal,BUY,Rise 31.5 moves from recent low + green candle,1.16308,3.0,11.5,21.0,1.16341,1.16323,1.16366,1.16323,2026-06-02 23:22:00+03:00,LOSS,-18.0,18,False
1280,2026-06-03 03:21:00+03:00,2026-06-03,Fast Impulse Breakout,BUY,Break above 20m high + 30.0 moves impulse,1.16251,1.0,16.0,30.0,1.16265,1.16247,1.1629,1.1629,2026-06-03 03:39:00+03:00,WIN,25.0,18,False
1290,2026-06-03 03:31:00+03:00,2026-06-03,Fast Reversal,BUY,Rise 25.0 moves from recent low + green candle,1.16256,1.0,10.0,14.0,1.16281,1.16263,1.16306,1.16306,2026-06-03 03:42:00+03:00,WIN,25.0,11,False
1325,2026-06-03 04:06:00+03:00,2026-06-03,Fast Reversal,SELL,Drop 30.0 moves from recent high + red candle,1.16295,2.0,12.5,8.5,1.16264,1.16282,1.16239,1.16282,2026-06-03 04:08:00+03:00,LOSS,-18.0,2,False
1353,2026-06-03 04:34:00+03:00,2026-06-03,Fast Reversal,BUY,Rise 24.5 moves from recent low + green candle,1.16285,3.0,10.5,3.5,1.16311,1.16293,1.16336,1.16309,2026-06-03 04:54:00+03:00,LOSS,-2.0,20,False
1375,2026-06-03 04:56:00+03:00,2026-06-03,Fast Reversal,SELL,Drop 43.0 moves from recent high + red candle,1.16337,5.0,9.5,18.0,1.16291,1.16309,1.16266,1.16309,2026-06-03 05:03:00+03:00,LOSS,-18.0,7,False
1424,2026-06-03 05:45:00+03:00,2026-06-03,Fast Impulse Breakout,SELL,Break below 20m low + 28.0 moves impulse,1.16273,2.0,16.5,28.0,1.16264,1.16282,1.16239,1.16282,2026-06-03 05:56:00+03:00,LOSS,-18.0,11,False
1435,2026-06-03 05:56:00+03:00,2026-06-03,Fast Reversal,BUY,Rise 33.5 moves from recent low + green candle,1.16249,4.0,9.5,19.5,1.16285,1.16267,1.1631,1.16278,2026-06-03 06:16:00+03:00,LOSS,-7.0,20,False
1441,2026-06-03 06:02:00+03:00,2026-06-03,Fast Reversal,BUY,Rise 23.0 moves from recent low + green candle,1.16268,5.0,10.5,8.5,1.16293,1.16275,1.16318,1.16282,2026-06-03 06:22:00+03:00,LOSS,-11.0,20,False
1586,2026-06-03 08:27:00+03:00,2026-06-03,Fast Impulse Breakout,SELL,Break below 20m low + 27.5 moves impulse,1.16242,2.0,14.5,27.5,1.16226,1.16244,1.16201,1.16229,2026-06-03 08:47:00+03:00,LOSS,-3.0,20,False
1603,2026-06-03 08:44:00+03:00,2026-06-03,Fast Reversal,SELL,Drop 23.0 moves from recent high + red candle,1.16242,3.0,11.0,11.0,1.16217,1.16235,1.16192,1.16192,2026-06-03 08:59:00+03:00,WIN,25.0,15,False
1617,2026-06-03 08:58:00+03:00,2026-06-03,Fast Impulse Breakout,SELL,Break below 20m low + 33.0 moves impulse,1.16202,5.0,11.5,33.0,1.1619,1.16208,1.16165,1.16208,2026-06-03 09:03:00+03:00,LOSS,-18.0,5,False
1622,2026-06-03 09:03:00+03:00,2026-06-03,Fast Reversal,BUY,Rise 33.0 moves from recent low + green candle,1.16186,4.0,16.5,27.5,1.16221,1.16203,1.16246,1.16203,2026-06-03 09:07:00+03:00,LOSS,-18.0,4,False
1628,2026-06-03 09:09:00+03:00,2026-06-03,Fast Impulse Breakout,SELL,Break below 20m low + 39.0 moves impulse,1.16186,3.0,24.5,39.0,1.16178,1.16196,1.16153,1.16153,2026-06-03 09:11:00+03:00,WIN,25.0,2,False
1633,2026-06-03 09:14:00+03:00,2026-06-03,Fast Reversal,BUY,Rise 30.0 moves from recent low + green candle,1.16145,3.0,28.5,4.0,1.16176,1.16158,1.16201,1.16158,2026-06-03 09:20:00+03:00,LOSS,-18.0,6,False
1639,2026-06-03 09:20:00+03:00,2026-06-03,Fast Reversal,SELL,Drop 23.0 moves from recent high + red candle,1.16186,4.0,15.0,9.0,1.16161,1.16179,1.16136,1.16136,2026-06-03 09:23:00+03:00,WIN,25.0,3,False
1645,2026-06-03 09:26:00+03:00,2026-06-03,Fast Reversal,BUY,Rise 32.5 moves from recent low + green candle,1.16124,4.0,18.0,2.5,1.16158,1.1614,1.16183,1.16183,2026-06-03 09:32:00+03:00,WIN,25.0,6,False
1650,2026-06-03 09:31:00+03:00,2026-06-03,Fast Reversal,BUY,Rise 60.5 moves from recent low + green candle,1.16124,4.0,23.0,27.0,1.16186,1.16168,1.16211,1.16168,2026-06-03 09:33:00+03:00,LOSS,-18.0,2,False
1657,2026-06-03 09:38:00+03:00,2026-06-03,Fast Reversal,SELL,Drop 28.0 moves from recent high + red candle,1.16188,2.0,12.0,4.0,1.16159,1.16177,1.16134,1.16166,2026-06-03 09:58:00+03:00,LOSS,-7.0,20,False
1663,2026-06-03 09:44:00+03:00,2026-06-03,Fast Reversal,SELL,Drop 35.5 moves from recent high + red candle,1.1618,2.0,9.5,16.0,1.16143,1.16161,1.16118,1.16161,2026-06-03 09:53:00+03:00,LOSS,-18.0,9,False
1672,2026-06-03 09:53:00+03:00,2026-06-03,Fast Reversal,BUY,Rise 25.5 moves from recent low + green candle,1.16133,2.0,8.5,16.5,1.16159,1.16141,1.16184,1.16141,2026-06-03 10:01:00+03:00,LOSS,-18.0,8,False
1680,2026-06-03 10:01:00+03:00,2026-06-03,Fast Reversal,SELL,Drop 33.0 moves from recent high + red candle,1.16174,4.0,14.5,14.5,1.16139,1.16157,1.16114,1.16157,2026-06-03 10:07:00+03:00,LOSS,-18.0,6,False
1688,2026-06-03 10:09:00+03:00,2026-06-03,Fast Reversal,BUY,Rise 33.0 moves from recent low + green candle,1.16132,4.0,11.0,21.0,1.16167,1.16149,1.16192,1.16192,2026-06-03 10:11:00+03:00,WIN,25.0,2,False
1693,2026-06-03 10:14:00+03:00,2026-06-03,Fast Reversal,SELL,Drop 23.5 moves from recent high + red candle,1.16207,4.0,12.5,18.0,1.16182,1.162,1.16157,1.16157,2026-06-03 10:26:00+03:00,WIN,25.0,12,False
1699,2026-06-03 10:20:00+03:00,2026-06-03,Fast Reversal,SELL,Drop 33.5 moves from recent high + red candle,1.16207,2.0,8.5,16.0,1.16173,1.16191,1.16148,1.16191,2026-06-03 10:22:00+03:00,LOSS,-18.0,2,False
1705,2026-06-03 10:26:00+03:00,2026-06-03,Fast Reversal,SELL,Drop 38.5 moves from recent high + red candle,1.16196,3.0,11.0,25.5,1.16156,1.16174,1.16131,1.16174,2026-06-03 10:34:00+03:00,LOSS,-18.0,8,False
1712,2026-06-03 10:33:00+03:00,2026-06-03,Fast Reversal,BUY,Rise 35.5 moves from recent low + green candle,1.16129,4.0,14.0,12.0,1.16167,1.16149,1.16192,1.16192,2026-06-03 10:34:00+03:00,WIN,25.0,1,False
1717,2026-06-03 10:38:00+03:00,2026-06-03,Fast Reversal,BUY,Rise 61.0 moves from recent low + green candle,1.16129,1.0,11.5,26.5,1.16191,1.16173,1.16216,1.16173,2026-06-03 10:40:00+03:00,LOSS,-18.0,2,False
1722,2026-06-03 10:43:00+03:00,2026-06-03,Fast Reversal,BUY,Rise 51.0 moves from recent low + green candle,1.16161,2.0,17.5,22.0,1.16213,1.16195,1.16238,1.16195,2026-06-03 10:55:00+03:00,LOSS,-18.0,12,False
1734,2026-06-03 10:55:00+03:00,2026-06-03,Fast Reversal,SELL,Drop 32.0 moves from recent high + red candle,1.16223,2.0,13.0,19.0,1.1619,1.16208,1.16165,1.16165,2026-06-03 10:58:00+03:00,WIN,25.0,3,False
1741,2026-06-03 11:02:00+03:00,2026-06-03,Fast Reversal,SELL,Drop 65.0 moves from recent high + red candle,1.16223,4.0,8.0,21.0,1.16156,1.16174,1.16131,1.16131,2026-06-03 11:11:00+03:00,WIN,25.0,9,False
1749,2026-06-03 11:10:00+03:00,2026-06-03,Fast Reversal,SELL,Drop 33.0 moves from recent high + red candle,1.16168,3.0,13.0,11.0,1.16134,1.16152,1.16109,1.16109,2026-06-03 11:15:00+03:00,WIN,25.0,5,False
1754,2026-06-03 11:15:00+03:00,2026-06-03,Fast Impulse Breakout,SELL,Break below 20m low + 31.0 moves impulse,1.1612,1.0,17.5,31.0,1.16103,1.16121,1.16078,1.16121,2026-06-03 11:18:00+03:00,LOSS,-18.0,3,False
1769,2026-06-03 11:30:00+03:00,2026-06-03,Fast Reversal,BUY,Rise 27.5 moves from recent low + green candle,1.16102,4.0,9.5,18.0,1.16132,1.16114,1.16157,1.16114,2026-06-03 11:33:00+03:00,LOSS,-18.0,3,False
1778,2026-06-03 11:39:00+03:00,2026-06-03,Fast Impulse Breakout,SELL,Break below 20m low + 30.0 moves impulse,1.16098,1.0,20.0,30.0,1.16079,1.16097,1.16054,1.16054,2026-06-03 11:43:00+03:00,WIN,25.0,4,False
1788,2026-06-03 11:49:00+03:00,2026-06-03,Fast Reversal,BUY,Rise 42.5 moves from recent low + green candle,1.16052,3.0,18.0,29.5,1.16096,1.16078,1.16121,1.16078,2026-06-03 11:59:00+03:00,LOSS,-18.0,10,False
1798,2026-06-03 11:59:00+03:00,2026-06-03,Fast Reversal,SELL,Drop 23.5 moves from recent high + red candle,1.16106,6.0,10.5,7.0,1.16079,1.16097,1.16054,1.16097,2026-06-03 12:00:00+03:00,LOSS,-18.0,1,False
1808,2026-06-03 12:09:00+03:00,2026-06-03,Fast Reversal,BUY,Rise 47.5 moves from recent low + green candle,1.1608,2.0,10.0,18.5,1.16128,1.1611,1.16153,1.1611,2026-06-03 12:15:00+03:00,LOSS,-18.0,6,False
1818,2026-06-03 12:19:00+03:00,2026-06-03,Fast Reversal,BUY,Rise 30.5 moves from recent low + green candle,1.16109,4.0,13.5,21.0,1.16142,1.16124,1.16167,1.16124,2026-06-03 12:29:00+03:00,LOSS,-18.0,10,False
1826,2026-06-03 12:27:00+03:00,2026-06-03,Fast Reversal,SELL,Drop 24.5 moves from recent high + red candle,1.1616,3.0,9.5,17.0,1.16134,1.16152,1.16109,1.16109,2026-06-03 12:31:00+03:00,WIN,25.0,4,False
1838,2026-06-03 12:39:00+03:00,2026-06-03,Fast Reversal,BUY,Rise 28.5 moves from recent low + green candle,1.16097,4.0,8.0,23.5,1.16127,1.16109,1.16152,1.16152,2026-06-03 12:47:00+03:00,WIN,25.0,8,False
1850,2026-06-03 12:51:00+03:00,2026-06-03,Fast Reversal,SELL,Drop 28.0 moves from recent high + red candle,1.16156,2.0,13.5,24.5,1.16127,1.16145,1.16102,1.16145,2026-06-03 13:00:00+03:00,LOSS,-18.0,9,False
1857,2026-06-03 12:58:00+03:00,2026-06-03,Fast Reversal,BUY,Rise 22.5 moves from recent low + green candle,1.16108,4.0,13.0,2.0,1.16133,1.16115,1.16158,1.16158,2026-06-03 13:04:00+03:00,WIN,25.0,6,False
1863,2026-06-03 13:04:00+03:00,2026-06-03,Fast Impulse Breakout,BUY,Break above 20m high + 25.0 moves impulse,1.16156,3.0,27.5,25.0,1.16164,1.16146,1.16189,1.16189,2026-06-03 13:05:00+03:00,WIN,25.0,1,False
1868,2026-06-03 13:09:00+03:00,2026-06-03,Fast Reversal,SELL,Drop 58.0 moves from recent high + red candle,1.1623,2.0,20.5,9.0,1.16171,1.16189,1.16146,1.16146,2026-06-03 13:12:00+03:00,WIN,25.0,3,False
1894,2026-06-03 13:35:00+03:00,2026-06-03,Fast Reversal,BUY,Rise 29.0 moves from recent low + green candle,1.16135,4.0,9.5,4.5,1.16166,1.16148,1.16191,1.16148,2026-06-03 13:47:00+03:00,LOSS,-18.0,12,False
1901,2026-06-03 13:42:00+03:00,2026-06-03,Fast Reversal,BUY,Rise 25.0 moves from recent low + green candle,1.16149,6.0,10.0,6.5,1.16177,1.16159,1.16202,1.16159,2026-06-03 13:45:00+03:00,LOSS,-18.0,3,False
1906,2026-06-03 13:47:00+03:00,2026-06-03,Fast Reversal,SELL,Drop 30.0 moves from recent high + red candle,1.1618,3.0,8.5,24.0,1.16148,1.16166,1.16123,1.16166,2026-06-03 13:52:00+03:00,LOSS,-18.0,5,False
1911,2026-06-03 13:52:00+03:00,2026-06-03,Fast Reversal,BUY,Rise 23.0 moves from recent low + green candle,1.16146,1.0,12.5,19.5,1.16169,1.16151,1.16194,1.16178,2026-06-03 14:12:00+03:00,WIN,9.0,20,False
1926,2026-06-03 14:07:00+03:00,2026-06-03,Fast Reversal,BUY,Rise 26.5 moves from recent low + green candle,1.16154,1.0,10.0,16.5,1.16181,1.16163,1.16206,1.16198,2026-06-03 14:27:00+03:00,WIN,17.0,20,False
1940,2026-06-03 14:21:00+03:00,2026-06-03,Fast Reversal,BUY,Rise 28.0 moves from recent low + green candle,1.1617,5.0,10.0,14.5,1.16201,1.16183,1.16226,1.1619,2026-06-03 14:41:00+03:00,LOSS,-11.0,20,False
1961,2026-06-03 14:42:00+03:00,2026-06-03,Fast Reversal,SELL,Drop 28.0 moves from recent high + red candle,1.16209,2.0,8.5,21.0,1.1618,1.16198,1.16155,1.16198,2026-06-03 14:45:00+03:00,LOSS,-18.0,3,False
1967,2026-06-03 14:48:00+03:00,2026-06-03,Fast Reversal,SELL,Drop 23.5 moves from recent high + red candle,1.16223,2.0,13.0,19.0,1.16199,1.16217,1.16174,1.16217,2026-06-03 14:51:00+03:00,LOSS,-18.0,3,False
1974,2026-06-03 14:55:00+03:00,2026-06-03,Fast Reversal,SELL,Drop 33.0 moves from recent high + red candle,1.16226,2.0,14.0,16.5,1.16192,1.1621,1.16167,1.16167,2026-06-03 14:57:00+03:00,WIN,25.0,2,False
1979,2026-06-03 15:00:00+03:00,2026-06-03,Fast Impulse Breakout,SELL,Break below 20m low + 32.0 moves impulse,1.16164,4.0,17.0,32.0,1.1616,1.16178,1.16135,1.16135,2026-06-03 15:13:00+03:00,WIN,25.0,13,False
1985,2026-06-03 15:06:00+03:00,2026-06-03,Fast Reversal,SELL,Drop 35.5 moves from recent high + red candle,1.16186,5.0,8.5,1.0,1.16148,1.16166,1.16123,1.16123,2026-06-03 15:15:00+03:00,WIN,25.0,9,False
1992,2026-06-03 15:13:00+03:00,2026-06-03,Fast Reversal,SELL,Drop 44.0 moves from recent high + red candle,1.1617,2.0,15.0,20.5,1.16125,1.16143,1.161,1.16143,2026-06-03 15:14:00+03:00,LOSS,-18.0,1,False
1997,2026-06-03 15:18:00+03:00,2026-06-03,Fast Reversal,SELL,Drop 26.5 moves from recent high + red candle,1.16152,4.0,11.0,0.0,1.16123,1.16141,1.16098,1.16098,2026-06-03 15:23:00+03:00,WIN,25.0,5,False
2005,2026-06-03 15:26:00+03:00,2026-06-03,Fast Reversal,SELL,Drop 43.0 moves from recent high + red candle,1.16139,5.0,13.0,8.0,1.16093,1.16111,1.16068,1.16068,2026-06-03 15:30:00+03:00,WIN,25.0,4,False
2011,2026-06-03 15:32:00+03:00,2026-06-03,Fast Impulse Breakout,SELL,Break below 20m low + 45.0 moves impulse,1.16046,4.0,11.5,45.0,1.16042,1.1606,1.16017,1.16017,2026-06-03 15:35:00+03:00,WIN,25.0,3,False
2016,2026-06-03 15:37:00+03:00,2026-06-03,Fast Impulse Breakout,SELL,Break below 20m low + 40.0 moves impulse,1.16006,1.0,12.5,40.0,1.16004,1.16022,1.15979,1.15979,2026-06-03 15:38:00+03:00,WIN,25.0,1,False
2022,2026-06-03 15:43:00+03:00,2026-06-03,Fast Reversal,BUY,Rise 73.5 moves from recent low + green candle,1.15966,4.0,34.0,57.0,1.16042,1.16024,1.16067,1.16024,2026-06-03 15:47:00+03:00,LOSS,-18.0,4,False
2027,2026-06-03 15:48:00+03:00,2026-06-03,Fast Reversal,SELL,Drop 34.5 moves from recent high + red candle,1.16053,2.0,10.0,21.5,1.16018,1.16036,1.15993,1.15993,2026-06-03 15:51:00+03:00,WIN,25.0,3,False
2032,2026-06-03 15:53:00+03:00,2026-06-03,Fast Reversal,BUY,Rise 29.0 moves from recent low + green candle,1.15976,1.0,20.5,13.5,1.16005,1.15987,1.1603,1.15987,2026-06-03 15:55:00+03:00,LOSS,-18.0,2,False
2041,2026-06-03 16:02:00+03:00,2026-06-03,Fast Reversal,BUY,Rise 26.0 moves from recent low + green candle,1.15978,1.0,12.0,8.5,1.16004,1.15986,1.16029,1.16029,2026-06-03 16:08:00+03:00,WIN,25.0,6,False
2046,2026-06-03 16:07:00+03:00,2026-06-03,Fast Reversal,BUY,Rise 35.0 moves from recent low + green candle,1.15991,3.0,17.0,21.0,1.16027,1.16009,1.16052,1.16009,2026-06-03 16:17:00+03:00,LOSS,-18.0,10,False
2051,2026-06-03 16:12:00+03:00,2026-06-03,Fast Reversal,BUY,Rise 36.0 moves from recent low + green candle,1.15998,6.0,8.5,9.0,1.16037,1.16019,1.16062,1.16019,2026-06-03 16:14:00+03:00,LOSS,-18.0,2,False
2056,2026-06-03 16:17:00+03:00,2026-06-03,Fast Reversal,SELL,Drop 50.0 moves from recent high + red candle,1.16037,2.0,27.5,46.0,1.15986,1.16004,1.15961,1.16004,2026-06-03 16:21:00+03:00,LOSS,-18.0,4,False
2061,2026-06-03 16:22:00+03:00,2026-06-03,Fast Reversal,BUY,Rise 40.5 moves from recent low + green candle,1.15973,4.0,9.0,26.5,1.16016,1.15998,1.16041,1.15998,2026-06-03 16:24:00+03:00,LOSS,-18.0,2,False
2066,2026-06-03 16:27:00+03:00,2026-06-03,Fast Reversal,BUY,Rise 47.5 moves from recent low + green candle,1.15973,4.0,13.5,8.0,1.16023,1.16005,1.16048,1.16048,2026-06-03 16:30:00+03:00,WIN,25.0,3,False
2071,2026-06-03 16:32:00+03:00,2026-06-03,Fast Reversal,BUY,Rise 62.0 moves from recent low + green candle,1.15989,2.0,12.0,30.5,1.16052,1.16034,1.16077,1.16034,2026-06-03 16:33:00+03:00,LOSS,-18.0,1,False
2079,2026-06-03 16:40:00+03:00,2026-06-03,Fast Reversal,BUY,Rise 35.0 moves from recent low + green candle,1.16024,2.0,13.0,7.0,1.1606,1.16042,1.16085,1.16042,2026-06-03 16:42:00+03:00,LOSS,-18.0,2,False
2086,2026-06-03 16:47:00+03:00,2026-06-03,Fast Reversal,SELL,Drop 43.5 moves from recent high + red candle,1.16063,3.0,20.5,29.0,1.16018,1.16036,1.15993,1.15993,2026-06-03 16:50:00+03:00,WIN,25.0,3,False
2093,2026-06-03 16:54:00+03:00,2026-06-03,Fast Reversal,BUY,Rise 32.5 moves from recent low + green candle,1.15989,4.0,8.0,23.5,1.16023,1.16005,1.16048,1.16048,2026-06-03 17:00:00+03:00,WIN,25.0,6,False
2099,2026-06-03 17:00:00+03:00,2026-06-03,Fast Reversal,BUY,Rise 68.5 moves from recent low + green candle,1.15989,4.0,26.5,29.0,1.16059,1.16041,1.16084,1.16041,2026-06-03 17:03:00+03:00,LOSS,-18.0,3,False
2104,2026-06-03 17:05:00+03:00,2026-06-03,Fast Reversal,SELL,Drop 49.0 moves from recent high + red candle,1.16068,2.0,15.0,39.0,1.16018,1.16036,1.15993,1.16036,2026-06-03 17:10:00+03:00,LOSS,-18.0,5,False
2109,2026-06-03 17:10:00+03:00,2026-06-03,Fast Reversal,BUY,Rise 40.0 moves from recent low + green candle,1.16,1.0,32.5,21.0,1.16041,1.16023,1.16066,1.16066,2026-06-03 17:13:00+03:00,WIN,25.0,3,False
2115,2026-06-03 17:16:00+03:00,2026-06-03,Fast Reversal,SELL,Drop 41.0 moves from recent high + red candle,1.16087,3.0,10.5,12.0,1.16045,1.16063,1.1602,1.1602,2026-06-03 17:19:00+03:00,WIN,25.0,3,False
2121,2026-06-03 17:22:00+03:00,2026-06-03,Fast Reversal,BUY,Rise 31.0 moves from recent low + green candle,1.15996,1.0,11.5,19.0,1.16027,1.16009,1.16052,1.16009,2026-06-03 17:30:00+03:00,LOSS,-18.0,8,False
2129,2026-06-03 17:30:00+03:00,2026-06-03,Fast Reversal,SELL,Drop 45.5 moves from recent high + red candle,1.16048,1.0,35.5,37.5,1.16002,1.1602,1.15977,1.1602,2026-06-03 17:33:00+03:00,LOSS,-18.0,3,False
2135,2026-06-03 17:36:00+03:00,2026-06-03,Fast Reversal,SELL,Drop 50.5 moves from recent high + red candle,1.16048,1.0,10.0,0.5,1.15997,1.16015,1.15972,1.15972,2026-06-03 17:40:00+03:00,WIN,25.0,4,False
2143,2026-06-03 17:44:00+03:00,2026-06-03,Fast Reversal,SELL,Drop 49.0 moves from recent high + red candle,1.16012,3.0,18.0,39.0,1.15962,1.1598,1.15937,1.1598,2026-06-03 17:51:00+03:00,LOSS,-18.0,7,False
2150,2026-06-03 17:51:00+03:00,2026-06-03,Fast Reversal,BUY,Rise 59.0 moves from recent low + green candle,1.15948,4.0,38.0,47.0,1.16009,1.15991,1.16034,1.15991,2026-06-03 17:52:00+03:00,LOSS,-18.0,1,False
2156,2026-06-03 17:57:00+03:00,2026-06-03,Fast Impulse Breakout,BUY,Break above 20m high + 74.5 moves impulse,1.16084,3.0,46.5,74.5,1.16103,1.16085,1.16128,1.16128,2026-06-03 18:00:00+03:00,WIN,25.0,3,False
2161,2026-06-03 18:02:00+03:00,2026-06-03,Fast Reversal,SELL,Drop 40.0 moves from recent high + red candle,1.16131,5.0,17.0,10.5,1.16088,1.16106,1.16063,1.16063,2026-06-03 18:04:00+03:00,WIN,25.0,2,False
2166,2026-06-03 18:07:00+03:00,2026-06-03,Fast Reversal,SELL,Drop 96.5 moves from recent high + red candle,1.16131,4.0,8.5,55.5,1.16032,1.1605,1.16007,1.1605,2026-06-03 18:13:00+03:00,LOSS,-18.0,6,False
2172,2026-06-03 18:13:00+03:00,2026-06-03,Fast Reversal,BUY,Rise 32.0 moves from recent low + green candle,1.16025,2.0,24.5,10.0,1.16058,1.1604,1.16083,1.16083,2026-06-03 18:16:00+03:00,WIN,25.0,3,False
2177,2026-06-03 18:18:00+03:00,2026-06-03,Fast Reversal,BUY,Rise 78.5 moves from recent low + green candle,1.16025,5.0,8.0,47.0,1.16106,1.16088,1.16131,1.16088,2026-06-03 18:19:00+03:00,LOSS,-18.0,1,False
2183,2026-06-03 18:24:00+03:00,2026-06-03,Fast Reversal,SELL,Drop 39.5 moves from recent high + red candle,1.16114,2.0,11.5,16.0,1.16074,1.16092,1.16049,1.16092,2026-06-03 18:34:00+03:00,LOSS,-18.0,10,False
2188,2026-06-03 18:29:00+03:00,2026-06-03,Fast Reversal,BUY,Rise 22.5 moves from recent low + green candle,1.16052,3.0,11.0,1.5,1.16076,1.16058,1.16101,1.16058,2026-06-03 18:31:00+03:00,LOSS,-18.0,2,False
2193,2026-06-03 18:34:00+03:00,2026-06-03,Fast Reversal,BUY,Rise 42.5 moves from recent low + green candle,1.16052,1.0,10.0,21.0,1.16095,1.16077,1.1612,1.16077,2026-06-03 18:37:00+03:00,LOSS,-18.0,3,False
2198,2026-06-03 18:39:00+03:00,2026-06-03,Fast Reversal,SELL,Drop 42.5 moves from recent high + red candle,1.16104,3.0,20.0,32.0,1.1606,1.16078,1.16035,1.1605,2026-06-03 18:59:00+03:00,WIN,10.0,20,False
2219,2026-06-03 19:00:00+03:00,2026-06-03,Fast Reversal,SELL,Drop 24.0 moves from recent high + red candle,1.16065,3.0,8.0,17.0,1.1604,1.16058,1.16015,1.16015,2026-06-03 19:02:00+03:00,WIN,25.0,2,False
2226,2026-06-03 19:07:00+03:00,2026-06-03,Fast Impulse Breakout,SELL,Break below 20m low + 35.0 moves impulse,1.16012,1.0,44.0,35.0,1.15977,1.15995,1.15952,1.15995,2026-06-03 19:22:00+03:00,LOSS,-18.0,15,False
2234,2026-06-03 19:15:00+03:00,2026-06-03,Fast Reversal,SELL,Drop 48.5 moves from recent high + red candle,1.16023,3.0,9.0,3.5,1.15973,1.15991,1.15948,1.15991,2026-06-03 19:17:00+03:00,LOSS,-18.0,2,False
2241,2026-06-03 19:22:00+03:00,2026-06-03,Fast Reversal,BUY,Rise 37.0 moves from recent low + green candle,1.15957,3.0,26.0,18.0,1.15996,1.15978,1.16021,1.15978,2026-06-03 19:24:00+03:00,LOSS,-18.0,2,False
2248,2026-06-03 19:29:00+03:00,2026-06-03,Fast Reversal,BUY,Rise 38.0 moves from recent low + green candle,1.15957,3.0,13.0,7.0,1.15997,1.15979,1.16022,1.15979,2026-06-03 19:32:00+03:00,LOSS,-18.0,3,False
2271,2026-06-03 19:52:00+03:00,2026-06-03,Fast Reversal,BUY,Rise 22.0 moves from recent low + green candle,1.15952,3.0,8.0,7.5,1.15976,1.15958,1.16001,1.16001,2026-06-03 19:57:00+03:00,WIN,25.0,5,False
2276,2026-06-03 19:57:00+03:00,2026-06-03,Fast Impulse Breakout,BUY,Break above 20m high + 36.5 moves impulse,1.15999,2.0,16.5,36.5,1.16014,1.15996,1.16039,1.15996,2026-06-03 20:00:00+03:00,LOSS,-18.0,3,False
2285,2026-06-03 20:06:00+03:00,2026-06-03,Fast Reversal,SELL,Drop 34.5 moves from recent high + red candle,1.16018,3.0,13.0,20.5,1.15982,1.16,1.15957,1.16,2026-06-03 20:07:00+03:00,LOSS,-18.0,1,False
2292,2026-06-03 20:13:00+03:00,2026-06-03,Fast Reversal,SELL,Drop 46.5 moves from recent high + red candle,1.16037,4.0,17.5,31.5,1.15988,1.16006,1.15963,1.16006,2026-06-03 20:15:00+03:00,LOSS,-18.0,2,False
2298,2026-06-03 20:19:00+03:00,2026-06-03,Fast Reversal,SELL,Drop 45.0 moves from recent high + red candle,1.16027,3.0,13.0,20.5,1.15981,1.15999,1.15956,1.1599,2026-06-03 20:39:00+03:00,LOSS,-9.0,20,False
2384,2026-06-03 21:45:00+03:00,2026-06-03,Fast Reversal,BUY,Rise 24.0 moves from recent low + green candle,1.15959,4.0,11.0,12.0,1.15985,1.15967,1.1601,1.15985,2026-06-03 22:05:00+03:00,FLAT,0.0,20,False
2416,2026-06-03 22:17:00+03:00,2026-06-03,Fast Impulse Breakout,BUY,Break above 20m high + 22.5 moves impulse,1.16002,3.0,18.0,22.5,1.16008,1.1599,1.16033,1.1599,2026-06-03 22:21:00+03:00,LOSS,-18.0,4,False
2426,2026-06-03 22:27:00+03:00,2026-06-03,Fast Reversal,SELL,Drop 32.0 moves from recent high + red candle,1.16009,1.0,9.0,18.5,1.15976,1.15994,1.15951,1.15994,2026-06-03 22:38:00+03:00,LOSS,-18.0,11,False
2526,2026-06-04 03:09:00+03:00,2026-06-04,Fast Reversal,SELL,Drop 54.0 moves from recent high + red candle,1.16112,3.0,10.0,24.5,1.16057,1.16075,1.16032,1.16075,2026-06-04 03:11:00+03:00,LOSS,-18.0,2,False
2532,2026-06-04 03:15:00+03:00,2026-06-04,Fast Reversal,BUY,Rise 40.0 moves from recent low + green candle,1.16056,4.0,11.0,31.0,1.16098,1.1608,1.16123,1.16123,2026-06-04 03:17:00+03:00,WIN,25.0,2,False
2538,2026-06-04 03:21:00+03:00,2026-06-04,Fast Reversal,SELL,Drop 26.0 moves from recent high + red candle,1.16127,2.0,9.5,4.0,1.161,1.16118,1.16075,1.16103,2026-06-04 03:41:00+03:00,LOSS,-3.0,20,False
2547,2026-06-04 03:30:00+03:00,2026-06-04,Fast Reversal,SELL,Drop 26.5 moves from recent high + red candle,1.16111,3.0,11.5,13.0,1.16083,1.16101,1.16058,1.16101,2026-06-04 03:33:00+03:00,LOSS,-18.0,3,False
2567,2026-06-04 03:50:00+03:00,2026-06-04,Fast Reversal,SELL,Drop 25.5 moves from recent high + red candle,1.1612,3.0,8.5,16.5,1.16093,1.16111,1.16068,1.16068,2026-06-04 03:55:00+03:00,WIN,25.0,5,False
2572,2026-06-04 03:55:00+03:00,2026-06-04,Fast Impulse Breakout,SELL,Break below 20m low + 30.0 moves impulse,1.1608,2.0,14.5,30.0,1.16064,1.16082,1.16039,1.16057,2026-06-04 04:15:00+03:00,WIN,7.0,20,False
2577,2026-06-04 04:00:00+03:00,2026-06-04,Fast Reversal,SELL,Drop 46.5 moves from recent high + red candle,1.16097,4.0,17.5,14.5,1.16048,1.16066,1.16023,1.16066,2026-06-04 04:07:00+03:00,LOSS,-18.0,7,False
2599,2026-06-04 04:22:00+03:00,2026-06-04,Fast Reversal,BUY,Rise 30.0 moves from recent low + green candle,1.16053,2.0,8.5,17.0,1.16084,1.16066,1.16109,1.16083,2026-06-04 04:42:00+03:00,LOSS,-1.0,20,False
2612,2026-06-04 04:35:00+03:00,2026-06-04,Fast Reversal,BUY,Rise 29.5 moves from recent low + green candle,1.1607,4.0,16.0,11.0,1.16101,1.16083,1.16126,1.16083,2026-06-04 04:41:00+03:00,LOSS,-18.0,6,False
2618,2026-06-04 04:41:00+03:00,2026-06-04,Fast Reversal,SELL,Drop 24.5 moves from recent high + red candle,1.16101,4.0,13.0,19.0,1.16075,1.16093,1.1605,1.16093,2026-06-04 04:48:00+03:00,LOSS,-18.0,7,False
2697,2026-06-04 06:00:00+03:00,2026-06-04,Fast Reversal,SELL,Drop 26.5 moves from recent high + red candle,1.16113,4.0,16.0,19.0,1.16084,1.16102,1.16059,1.16059,2026-06-04 06:11:00+03:00,WIN,25.0,11,False
2705,2026-06-04 06:08:00+03:00,2026-06-04,Fast Reversal,SELL,Drop 35.5 moves from recent high + red candle,1.16102,1.0,10.0,12.5,1.16066,1.16084,1.16041,1.16041,2026-06-04 06:25:00+03:00,WIN,25.0,17,False
2791,2026-06-04 07:34:00+03:00,2026-06-04,Fast Impulse Breakout,BUY,Break above 20m high + 30.5 moves impulse,1.16074,1.0,19.0,30.5,1.16091,1.16073,1.16116,1.16116,2026-06-04 07:45:00+03:00,WIN,25.0,11,False
2797,2026-06-04 07:40:00+03:00,2026-06-04,Fast Reversal,BUY,Rise 35.5 moves from recent low + green candle,1.16068,5.0,12.5,11.0,1.16106,1.16088,1.16131,1.16088,2026-06-04 07:51:00+03:00,LOSS,-18.0,11,False
2857,2026-06-04 08:40:00+03:00,2026-06-04,Fast Reversal,BUY,Rise 25.5 moves from recent low + green candle,1.16053,4.0,11.5,16.0,1.16081,1.16063,1.16106,1.16099,2026-06-04 09:00:00+03:00,WIN,18.0,20,False
2878,2026-06-04 09:01:00+03:00,2026-06-04,Fast Reversal,BUY,Rise 26.5 moves from recent low + green candle,1.1609,5.0,14.5,20.0,1.16119,1.16101,1.16144,1.16101,2026-06-04 09:06:00+03:00,LOSS,-18.0,5,False
2884,2026-06-04 09:07:00+03:00,2026-06-04,Fast Reversal,BUY,Rise 28.0 moves from recent low + green candle,1.1609,2.0,15.0,2.5,1.16119,1.16101,1.16144,1.16101,2026-06-04 09:19:00+03:00,LOSS,-18.0,12,False
2891,2026-06-04 09:14:00+03:00,2026-06-04,Fast Reversal,BUY,Rise 24.5 moves from recent low + green candle,1.16099,3.0,11.0,9.0,1.16125,1.16107,1.1615,1.16107,2026-06-04 09:18:00+03:00,LOSS,-18.0,4,False
2896,2026-06-04 09:19:00+03:00,2026-06-04,Fast Reversal,SELL,Drop 29.0 moves from recent high + red candle,1.16129,2.0,10.0,23.0,1.16099,1.16117,1.16074,1.16074,2026-06-04 09:24:00+03:00,WIN,25.0,5,False
2902,2026-06-04 09:25:00+03:00,2026-06-04,Fast Reversal,BUY,Rise 23.0 moves from recent low + green candle,1.16071,4.0,11.0,4.0,1.16096,1.16078,1.16121,1.16121,2026-06-04 09:33:00+03:00,WIN,25.0,8,False
2909,2026-06-04 09:32:00+03:00,2026-06-04,Fast Reversal,BUY,Rise 44.0 moves from recent low + green candle,1.16071,4.0,12.5,20.0,1.16117,1.16099,1.16142,1.16142,2026-06-04 09:36:00+03:00,WIN,25.0,4,False
2916,2026-06-04 09:39:00+03:00,2026-06-04,Fast Reversal,BUY,Rise 59.0 moves from recent low + green candle,1.16086,5.0,9.0,18.5,1.16148,1.1613,1.16173,1.1613,2026-06-04 09:41:00+03:00,LOSS,-18.0,2,False
2922,2026-06-04 09:45:00+03:00,2026-06-04,Fast Reversal,SELL,Drop 29.5 moves from recent high + red candle,1.16151,1.0,8.5,17.5,1.16121,1.16139,1.16096,1.16096,2026-06-04 09:47:00+03:00,WIN,25.0,2,False
2930,2026-06-04 09:53:00+03:00,2026-06-04,Fast Reversal,BUY,Rise 24.5 moves from recent low + green candle,1.16087,1.0,16.5,16.0,1.16112,1.16094,1.16137,1.16094,2026-06-04 09:57:00+03:00,LOSS,-18.0,4,False
2935,2026-06-04 09:58:00+03:00,2026-06-04,Fast Reversal,BUY,Rise 23.5 moves from recent low + green candle,1.16079,3.0,23.0,8.0,1.16104,1.16086,1.16129,1.16104,2026-06-04 10:18:00+03:00,FLAT,0.0,20,False
2957,2026-06-04 10:20:00+03:00,2026-06-04,Fast Impulse Breakout,SELL,Break below 20m low + 33.5 moves impulse,1.16092,4.0,33.5,33.5,1.16074,1.16092,1.16049,1.16049,2026-06-04 10:27:00+03:00,WIN,25.0,7,False
2962,2026-06-04 10:25:00+03:00,2026-06-04,Fast Reversal,SELL,Drop 56.0 moves from recent high + red candle,1.16116,4.0,14.5,15.0,1.16058,1.16076,1.16033,1.16033,2026-06-04 10:37:00+03:00,WIN,25.0,12,False
2973,2026-06-04 10:36:00+03:00,2026-06-04,Fast Impulse Breakout,SELL,Break below 20m low + 34.0 moves impulse,1.16037,2.0,18.0,34.0,1.16034,1.16052,1.16009,1.16009,2026-06-04 10:39:00+03:00,WIN,25.0,3,False
2981,2026-06-04 10:44:00+03:00,2026-06-04,Fast Reversal,BUY,Rise 30.5 moves from recent low + green candle,1.15985,3.0,13.0,7.0,1.16017,1.15999,1.16042,1.15999,2026-06-04 10:47:00+03:00,LOSS,-18.0,3,False
2986,2026-06-04 10:49:00+03:00,2026-06-04,Fast Reversal,BUY,Rise 44.0 moves from recent low + green candle,1.15985,6.0,9.0,14.5,1.16032,1.16014,1.16057,1.16014,2026-06-04 10:54:00+03:00,LOSS,-18.0,5,False
2992,2026-06-04 10:55:00+03:00,2026-06-04,Fast Reversal,BUY,Rise 31.0 moves from recent low + green candle,1.15999,3.0,9.5,5.5,1.16032,1.16014,1.16057,1.16057,2026-06-04 11:03:00+03:00,WIN,25.0,8,False
2999,2026-06-04 11:02:00+03:00,2026-06-04,Fast Impulse Breakout,BUY,Break above 20m high + 26.0 moves impulse,1.16046,4.0,16.5,26.0,1.16058,1.1604,1.16083,1.16074,2026-06-04 11:22:00+03:00,WIN,16.0,20,False
3013,2026-06-04 11:16:00+03:00,2026-06-04,Fast Reversal,BUY,Rise 24.5 moves from recent low + green candle,1.16044,3.0,13.0,15.0,1.1607,1.16052,1.16095,1.16095,2026-06-04 11:27:00+03:00,WIN,25.0,11,False
3018,2026-06-04 11:21:00+03:00,2026-06-04,Fast Reversal,BUY,Rise 31.5 moves from recent low + green candle,1.16044,3.0,10.0,6.5,1.16077,1.16059,1.16102,1.16102,2026-06-04 11:27:00+03:00,WIN,25.0,6,False
3023,2026-06-04 11:26:00+03:00,2026-06-04,Fast Reversal,BUY,Rise 31.0 moves from recent low + green candle,1.16059,3.0,8.0,14.5,1.16092,1.16074,1.16117,1.16117,2026-06-04 11:30:00+03:00,WIN,25.0,4,False
3028,2026-06-04 11:31:00+03:00,2026-06-04,Fast Reversal,SELL,Drop 39.5 moves from recent high + red candle,1.16141,3.0,38.0,9.5,1.161,1.16118,1.16075,1.16118,2026-06-04 11:32:00+03:00,LOSS,-18.0,1,False
3034,2026-06-04 11:37:00+03:00,2026-06-04,Fast Reversal,SELL,Drop 61.5 moves from recent high + red candle,1.16141,1.0,16.5,30.5,1.16079,1.16097,1.16054,1.16097,2026-06-04 11:47:00+03:00,LOSS,-18.0,10,False
3043,2026-06-04 11:46:00+03:00,2026-06-04,Fast Reversal,BUY,Rise 23.5 moves from recent low + green candle,1.16068,3.0,11.0,10.0,1.16093,1.16075,1.16118,1.16118,2026-06-04 11:55:00+03:00,WIN,25.0,9,False
3051,2026-06-04 11:54:00+03:00,2026-06-04,Fast Reversal,BUY,Rise 29.5 moves from recent low + green candle,1.16074,4.0,8.5,11.0,1.16106,1.16088,1.16131,1.16131,2026-06-04 11:56:00+03:00,WIN,25.0,2,False
3057,2026-06-04 12:00:00+03:00,2026-06-04,Fast Reversal,BUY,Rise 55.0 moves from recent low + green candle,1.16091,1.0,13.0,20.0,1.16146,1.16128,1.16171,1.16171,2026-06-04 12:03:00+03:00,WIN,25.0,3,False
3068,2026-06-04 12:11:00+03:00,2026-06-04,Fast Reversal,BUY,Rise 49.0 moves from recent low + green candle,1.16146,2.0,8.5,12.5,1.16196,1.16178,1.16221,1.16221,2026-06-04 12:21:00+03:00,WIN,25.0,10,False
3079,2026-06-04 12:22:00+03:00,2026-06-04,Fast Reversal,SELL,Drop 25.0 moves from recent high + red candle,1.16224,2.0,16.0,2.0,1.16198,1.16216,1.16173,1.16216,2026-06-04 12:24:00+03:00,LOSS,-18.0,2,False
3084,2026-06-04 12:27:00+03:00,2026-06-04,Fast Reversal,BUY,Rise 24.0 moves from recent low + green candle,1.16195,4.0,10.5,18.5,1.16221,1.16203,1.16246,1.16203,2026-06-04 12:30:00+03:00,LOSS,-18.0,3,False
3089,2026-06-04 12:32:00+03:00,2026-06-04,Fast Reversal,BUY,Rise 33.0 moves from recent low + green candle,1.16193,3.0,15.0,5.5,1.16227,1.16209,1.16252,1.16252,2026-06-04 12:37:00+03:00,WIN,25.0,5,False
3094,2026-06-04 12:37:00+03:00,2026-06-04,Fast Impulse Breakout,BUY,Break above 20m high + 32.0 moves impulse,1.16246,3.0,39.0,32.0,1.1626,1.16242,1.16285,1.16242,2026-06-04 12:48:00+03:00,LOSS,-18.0,11,False
3104,2026-06-04 12:47:00+03:00,2026-06-04,Fast Reversal,SELL,Drop 27.0 moves from recent high + red candle,1.16275,2.0,10.0,21.0,1.16247,1.16265,1.16222,1.16265,2026-06-04 12:49:00+03:00,LOSS,-18.0,2,False
3114,2026-06-04 12:57:00+03:00,2026-06-04,Fast Reversal,SELL,Drop 27.0 moves from recent high + red candle,1.16284,2.0,18.5,15.0,1.16256,1.16274,1.16231,1.16274,2026-06-04 13:02:00+03:00,LOSS,-18.0,5,False
3119,2026-06-04 13:02:00+03:00,2026-06-04,Fast Reversal,BUY,Rise 24.5 moves from recent low + green candle,1.16249,1.0,8.5,15.5,1.16274,1.16256,1.16299,1.16299,2026-06-04 13:05:00+03:00,WIN,25.0,3,False
3126,2026-06-04 13:09:00+03:00,2026-06-04,Fast Reversal,BUY,Rise 32.0 moves from recent low + green candle,1.16253,4.0,8.0,11.0,1.16287,1.16269,1.16312,1.16269,2026-06-04 13:22:00+03:00,LOSS,-18.0,13,False
3131,2026-06-04 13:14:00+03:00,2026-06-04,Fast Reversal,BUY,Rise 25.5 moves from recent low + green candle,1.16272,3.0,8.5,13.5,1.16299,1.16281,1.16324,1.16281,2026-06-04 13:20:00+03:00,LOSS,-18.0,6,False
3139,2026-06-04 13:22:00+03:00,2026-06-04,Fast Reversal,SELL,Drop 41.0 moves from recent high + red candle,1.16304,5.0,13.0,39.0,1.16261,1.16279,1.16236,1.16279,2026-06-04 13:25:00+03:00,LOSS,-18.0,3,False
3144,2026-06-04 13:27:00+03:00,2026-06-04,Fast Reversal,BUY,Rise 23.5 moves from recent low + green candle,1.16259,3.0,9.5,18.5,1.16284,1.16266,1.16309,1.16309,2026-06-04 13:34:00+03:00,WIN,25.0,7,False
3151,2026-06-04 13:34:00+03:00,2026-06-04,Fast Impulse Breakout,BUY,Break above 20m high + 28.0 moves impulse,1.16304,2.0,12.0,28.0,1.16315,1.16297,1.1634,1.16297,2026-06-04 13:50:00+03:00,LOSS,-18.0,16,False
3156,2026-06-04 13:39:00+03:00,2026-06-04,Fast Reversal,BUY,Rise 48.0 moves from recent low + green candle,1.16281,4.0,10.0,16.5,1.16331,1.16313,1.16356,1.16313,2026-06-04 13:40:00+03:00,LOSS,-18.0,1,False
3166,2026-06-04 13:49:00+03:00,2026-06-04,Fast Reversal,SELL,Drop 28.5 moves from recent high + red candle,1.16341,4.0,13.5,11.5,1.1631,1.16328,1.16285,1.16285,2026-06-04 13:51:00+03:00,WIN,25.0,2,False
3172,2026-06-04 13:55:00+03:00,2026-06-04,Fast Reversal,BUY,Rise 32.0 moves from recent low + green candle,1.16278,3.0,13.0,14.5,1.16312,1.16294,1.16337,1.16337,2026-06-04 14:02:00+03:00,WIN,25.0,7,False
3177,2026-06-04 14:00:00+03:00,2026-06-04,Fast Reversal,BUY,Rise 39.5 moves from recent low + green candle,1.16278,4.0,13.0,9.0,1.1632,1.16302,1.16345,1.16345,2026-06-04 14:03:00+03:00,WIN,25.0,3,False
3186,2026-06-04 14:09:00+03:00,2026-06-04,Fast Reversal,BUY,Rise 51.0 moves from recent low + green candle,1.16303,5.0,15.0,7.0,1.16356,1.16338,1.16381,1.16381,2026-06-04 14:17:00+03:00,WIN,25.0,8,False
3193,2026-06-04 14:16:00+03:00,2026-06-04,Fast Reversal,BUY,Rise 49.0 moves from recent low + green candle,1.16326,1.0,13.0,15.0,1.16376,1.16358,1.16401,1.16401,2026-06-04 14:23:00+03:00,WIN,25.0,7,False
3199,2026-06-04 14:22:00+03:00,2026-06-04,Fast Reversal,BUY,Rise 48.0 moves from recent low + green candle,1.1635,4.0,11.0,10.5,1.164,1.16382,1.16425,1.16425,2026-06-04 14:25:00+03:00,WIN,25.0,3,False
3204,2026-06-04 14:27:00+03:00,2026-06-04,Fast Reversal,SELL,Drop 33.5 moves from recent high + red candle,1.16435,3.0,15.0,3.0,1.164,1.16418,1.16375,1.16375,2026-06-04 14:32:00+03:00,WIN,25.0,5,False
3216,2026-06-04 14:39:00+03:00,2026-06-04,Fast Reversal,BUY,Rise 31.0 moves from recent low + green candle,1.1637,4.0,14.0,18.5,1.16403,1.16385,1.16428,1.16428,2026-06-04 14:44:00+03:00,WIN,25.0,5,False
3221,2026-06-04 14:44:00+03:00,2026-06-04,Fast Impulse Breakout,BUY,Break above 20m high + 37.5 moves impulse,1.16435,4.0,30.0,37.5,1.16441,1.16423,1.16466,1.16423,2026-06-04 14:48:00+03:00,LOSS,-18.0,4,False
3226,2026-06-04 14:49:00+03:00,2026-06-04,Fast Reversal,BUY,Rise 52.5 moves from recent low + green candle,1.16387,5.0,25.0,1.0,1.16442,1.16424,1.16467,1.16424,2026-06-04 14:55:00+03:00,LOSS,-18.0,6,False
3232,2026-06-04 14:55:00+03:00,2026-06-04,Fast Reversal,SELL,Drop 24.5 moves from recent high + red candle,1.16451,2.0,10.0,15.5,1.16425,1.16443,1.164,1.16443,2026-06-04 15:00:00+03:00,LOSS,-18.0,5,False
3237,2026-06-04 15:00:00+03:00,2026-06-04,Fast Reversal,BUY,Rise 22.0 moves from recent low + green candle,1.16411,4.0,16.0,5.5,1.16435,1.16417,1.1646,1.16417,2026-06-04 15:04:00+03:00,LOSS,-18.0,4,False
3242,2026-06-04 15:05:00+03:00,2026-06-04,Fast Impulse Breakout,SELL,Break below 20m low + 30.5 moves impulse,1.16409,2.0,11.5,30.5,1.16401,1.16419,1.16376,1.16419,2026-06-04 15:06:00+03:00,LOSS,-18.0,1,False
3248,2026-06-04 15:11:00+03:00,2026-06-04,Fast Impulse Breakout,SELL,Break below 20m low + 64.0 moves impulse,1.16386,5.0,50.5,64.0,1.16353,1.16371,1.16328,1.16371,2026-06-04 15:12:00+03:00,LOSS,-18.0,1,False
3253,2026-06-04 15:16:00+03:00,2026-06-04,Fast Reversal,BUY,Rise 44.0 moves from recent low + green candle,1.16345,2.0,17.5,31.5,1.1639,1.16372,1.16415,1.16372,2026-06-04 15:19:00+03:00,LOSS,-18.0,3,False
3260,2026-06-04 15:23:00+03:00,2026-06-04,Fast Reversal,BUY,Rise 27.5 moves from recent low + green candle,1.16368,3.0,14.0,18.0,1.16397,1.16379,1.16422,1.16379,2026-06-04 15:25:00+03:00,LOSS,-18.0,2,False
3268,2026-06-04 15:31:00+03:00,2026-06-04,Fast Reversal,BUY,Rise 42.0 moves from recent low + green candle,1.16369,2.0,14.5,18.0,1.16412,1.16394,1.16437,1.16394,2026-06-04 15:40:00+03:00,LOSS,-18.0,9,False
3282,2026-06-04 15:45:00+03:00,2026-06-04,Fast Reversal,SELL,Drop 23.0 moves from recent high + red candle,1.16413,1.0,9.0,3.0,1.1639,1.16408,1.16365,1.16408,2026-06-04 15:49:00+03:00,LOSS,-18.0,4,False
3287,2026-06-04 15:50:00+03:00,2026-06-04,Fast Reversal,BUY,Rise 30.5 moves from recent low + green candle,1.16382,4.0,9.0,22.0,1.16414,1.16396,1.16439,1.16396,2026-06-04 15:58:00+03:00,LOSS,-18.0,8,False
3294,2026-06-04 15:57:00+03:00,2026-06-04,Fast Reversal,SELL,Drop 35.5 moves from recent high + red candle,1.16434,1.0,17.0,9.0,1.16398,1.16416,1.16373,1.16373,2026-06-04 15:59:00+03:00,WIN,25.0,2,False
3300,2026-06-04 16:03:00+03:00,2026-06-04,Fast Reversal,SELL,Drop 73.0 moves from recent high + red candle,1.16434,2.0,20.5,27.0,1.1636,1.16378,1.16335,1.16378,2026-06-04 16:04:00+03:00,LOSS,-18.0,1,False
3307,2026-06-04 16:10:00+03:00,2026-06-04,Fast Reversal,SELL,Drop 31.5 moves from recent high + red candle,1.16399,2.0,18.5,20.5,1.16367,1.16385,1.16342,1.16342,2026-06-04 16:26:00+03:00,WIN,25.0,16,False
3313,2026-06-04 16:16:00+03:00,2026-06-04,Fast Reversal,BUY,Rise 22.0 moves from recent low + green candle,1.16341,4.0,13.0,2.0,1.16365,1.16347,1.1639,1.16347,2026-06-04 16:26:00+03:00,LOSS,-18.0,10,False
3322,2026-06-04 16:25:00+03:00,2026-06-04,Fast Reversal,SELL,Drop 28.0 moves from recent high + red candle,1.16379,4.0,10.5,23.0,1.16349,1.16367,1.16324,1.16367,2026-06-04 16:29:00+03:00,LOSS,-18.0,4,False
3328,2026-06-04 16:31:00+03:00,2026-06-04,Fast Reversal,SELL,Drop 25.0 moves from recent high + red candle,1.16379,2.0,9.0,12.5,1.16353,1.16371,1.16328,1.16371,2026-06-04 16:33:00+03:00,LOSS,-18.0,2,False
3339,2026-06-04 16:42:00+03:00,2026-06-04,Fast Reversal,SELL,Drop 23.5 moves from recent high + red candle,1.16388,5.0,9.0,7.0,1.16362,1.1638,1.16337,1.1638,2026-06-04 16:44:00+03:00,LOSS,-18.0,2,False
3346,2026-06-04 16:49:00+03:00,2026-06-04,Fast Reversal,BUY,Rise 31.5 moves from recent low + green candle,1.16359,3.0,15.0,4.5,1.16392,1.16374,1.16417,1.16374,2026-06-04 16:51:00+03:00,LOSS,-18.0,2,False
3356,2026-06-04 16:59:00+03:00,2026-06-04,Fast Reversal,SELL,Drop 29.0 moves from recent high + red candle,1.1639,4.0,10.5,8.0,1.16359,1.16377,1.16334,1.16377,2026-06-04 17:00:00+03:00,LOSS,-18.0,1,False
3361,2026-06-04 17:04:00+03:00,2026-06-04,Fast Impulse Breakout,SELL,Break below 20m low + 22.0 moves impulse,1.16351,1.0,13.5,22.0,1.16338,1.16356,1.16313,1.16332,2026-06-04 17:24:00+03:00,WIN,6.0,20,False
3387,2026-06-04 17:30:00+03:00,2026-06-04,Fast Impulse Breakout,SELL,Break below 20m low + 29.0 moves impulse,1.16313,4.0,11.5,29.0,1.16302,1.1632,1.16277,1.1632,2026-06-04 17:42:00+03:00,LOSS,-18.0,12,False
3399,2026-06-04 17:42:00+03:00,2026-06-04,Fast Reversal,BUY,Rise 33.0 moves from recent low + green candle,1.16292,4.0,14.5,31.5,1.16327,1.16309,1.16352,1.16309,2026-06-04 17:44:00+03:00,LOSS,-18.0,2,False
3404,2026-06-04 17:47:00+03:00,2026-06-04,Fast Reversal,SELL,Drop 31.0 moves from recent high + red candle,1.16329,2.0,11.5,27.5,1.16297,1.16315,1.16272,1.16315,2026-06-04 17:50:00+03:00,LOSS,-18.0,3,False
3412,2026-06-04 17:55:00+03:00,2026-06-04,Fast Reversal,BUY,Rise 34.5 moves from recent low + green candle,1.16295,2.0,20.5,19.0,1.1633,1.16312,1.16355,1.16312,2026-06-04 17:57:00+03:00,LOSS,-18.0,2,False
3418,2026-06-04 18:01:00+03:00,2026-06-04,Fast Impulse Breakout,SELL,Break below 20m low + 29.0 moves impulse,1.16295,5.0,14.0,29.0,1.16288,1.16306,1.16263,1.16306,2026-06-04 18:03:00+03:00,LOSS,-18.0,2,False
3423,2026-06-04 18:06:00+03:00,2026-06-04,Fast Impulse Breakout,SELL,Break below 20m low + 29.0 moves impulse,1.16273,2.0,13.5,29.0,1.1626,1.16278,1.16235,1.16278,2026-06-04 18:09:00+03:00,LOSS,-18.0,3,False
3430,2026-06-04 18:13:00+03:00,2026-06-04,Fast Impulse Breakout,SELL,Break below 20m low + 35.0 moves impulse,1.16244,2.0,24.0,35.0,1.16237,1.16255,1.16212,1.16255,2026-06-04 18:16:00+03:00,LOSS,-18.0,3,False
3435,2026-06-04 18:18:00+03:00,2026-06-04,Fast Reversal,SELL,Drop 36.0 moves from recent high + red candle,1.16281,1.0,14.0,6.0,1.16244,1.16262,1.16219,1.16262,2026-06-04 18:36:00+03:00,LOSS,-18.0,18,False
3442,2026-06-04 18:25:00+03:00,2026-06-04,Fast Reversal,SELL,Drop 24.5 moves from recent high + red candle,1.16264,2.0,11.0,1.5,1.16239,1.16257,1.16214,1.16257,2026-06-04 18:32:00+03:00,LOSS,-18.0,7,False
3448,2026-06-04 18:31:00+03:00,2026-06-04,Fast Reversal,BUY,Rise 29.0 moves from recent low + green candle,1.16225,2.0,8.0,18.0,1.16255,1.16237,1.1628,1.16237,2026-06-04 18:44:00+03:00,LOSS,-18.0,13,False
3453,2026-06-04 18:36:00+03:00,2026-06-04,Fast Reversal,BUY,Rise 36.0 moves from recent low + green candle,1.16225,4.0,11.5,6.0,1.16263,1.16245,1.16288,1.16245,2026-06-04 18:41:00+03:00,LOSS,-18.0,5,False
3467,2026-06-04 18:50:00+03:00,2026-06-04,Fast Reversal,BUY,Rise 34.5 moves from recent low + green candle,1.16228,4.0,15.5,13.0,1.16264,1.16246,1.16289,1.16289,2026-06-04 18:56:00+03:00,WIN,25.0,6,False
3472,2026-06-04 18:55:00+03:00,2026-06-04,Fast Reversal,BUY,Rise 38.0 moves from recent low + green candle,1.16239,4.0,9.0,14.5,1.16279,1.16261,1.16304,1.1627,2026-06-04 19:15:00+03:00,LOSS,-9.0,20,False
3494,2026-06-04 19:17:00+03:00,2026-06-04,Fast Reversal,BUY,Rise 31.0 moves from recent low + green candle,1.16264,2.0,16.5,22.5,1.16296,1.16278,1.16321,1.16278,2026-06-04 19:20:00+03:00,LOSS,-18.0,3,False
3511,2026-06-04 19:34:00+03:00,2026-06-04,Fast Reversal,SELL,Drop 24.5 moves from recent high + red candle,1.1629,2.0,9.5,17.0,1.16264,1.16282,1.16239,1.16243,2026-06-04 19:54:00+03:00,WIN,21.0,20,False
3516,2026-06-04 19:39:00+03:00,2026-06-04,Fast Reversal,SELL,Drop 23.0 moves from recent high + red candle,1.16289,4.0,8.5,1.5,1.16264,1.16282,1.16239,1.16239,2026-06-04 19:58:00+03:00,WIN,25.0,19,False
3522,2026-06-04 19:45:00+03:00,2026-06-04,Fast Reversal,SELL,Drop 27.0 moves from recent high + red candle,1.16276,3.0,14.0,18.0,1.16248,1.16266,1.16223,1.16236,2026-06-04 20:05:00+03:00,WIN,12.0,20,False
3530,2026-06-04 19:53:00+03:00,2026-06-04,Fast Reversal,SELL,Drop 27.0 moves from recent high + red candle,1.16266,2.0,11.5,12.0,1.16238,1.16256,1.16213,1.16213,2026-06-04 20:12:00+03:00,WIN,25.0,19,False
3549,2026-06-04 20:12:00+03:00,2026-06-04,Fast Reversal,SELL,Drop 25.0 moves from recent high + red candle,1.16236,2.0,10.0,13.5,1.1621,1.16228,1.16185,1.16215,2026-06-04 20:32:00+03:00,LOSS,-5.0,20,False
3597,2026-06-04 21:00:00+03:00,2026-06-04,Fast Reversal,BUY,Rise 26.5 moves from recent low + green candle,1.16195,2.0,15.0,18.5,1.16223,1.16205,1.16248,1.16205,2026-06-04 21:04:00+03:00,LOSS,-18.0,4,False
3606,2026-06-04 21:09:00+03:00,2026-06-04,Fast Reversal,SELL,Drop 23.5 moves from recent high + red candle,1.16225,3.0,10.0,7.0,1.162,1.16218,1.16175,1.16175,2026-06-04 21:29:00+03:00,WIN,25.0,20,False
3625,2026-06-04 21:28:00+03:00,2026-06-04,Fast Reversal,SELL,Drop 25.5 moves from recent high + red candle,1.16201,2.0,10.0,14.5,1.16174,1.16192,1.16149,1.16175,2026-06-04 21:48:00+03:00,LOSS,-1.0,20,False
3630,2026-06-04 21:33:00+03:00,2026-06-04,Fast Reversal,SELL,Drop 37.5 moves from recent high + red candle,1.16193,2.0,9.5,19.5,1.16154,1.16172,1.16129,1.16172,2026-06-04 21:39:00+03:00,LOSS,-18.0,6,False
3636,2026-06-04 21:39:00+03:00,2026-06-04,Fast Reversal,BUY,Rise 24.5 moves from recent low + green candle,1.16151,4.0,12.5,14.0,1.16177,1.16159,1.16202,1.16159,2026-06-04 21:44:00+03:00,LOSS,-18.0,5,False
3649,2026-06-04 21:52:00+03:00,2026-06-04,Fast Impulse Breakout,SELL,Break below 20m low + 25.5 moves impulse,1.16151,2.0,8.0,25.5,1.16147,1.16165,1.16122,1.16122,2026-06-04 22:10:00+03:00,WIN,25.0,18,False
3657,2026-06-04 22:00:00+03:00,2026-06-04,Fast Reversal,BUY,Rise 28.5 moves from recent low + green candle,1.16133,1.0,11.5,23.0,1.16162,1.16144,1.16187,1.16144,2026-06-04 22:03:00+03:00,LOSS,-18.0,3,False
3664,2026-06-04 22:07:00+03:00,2026-06-04,Fast Impulse Breakout,SELL,Break below 20m low + 28.0 moves impulse,1.16133,4.0,9.5,28.0,1.16124,1.16142,1.16099,1.16125,2026-06-04 22:27:00+03:00,LOSS,-1.0,20,False
3742,2026-06-04 23:25:00+03:00,2026-06-04,Fast Reversal,SELL,Drop 24.0 moves from recent high + red candle,1.16114,5.0,8.5,24.0,1.16087,1.16105,1.16062,1.16105,2026-06-04 23:42:00+03:00,LOSS,-18.0,16,False
3777,2026-06-05 03:02:00+03:00,2026-06-05,Fast Reversal,BUY,Rise 27.0 moves from recent low + green candle,1.16101,5.0,11.5,16.5,1.16131,1.16113,1.16156,1.16113,2026-06-05 03:14:00+03:00,LOSS,-18.0,12,False
3860,2026-06-05 04:25:00+03:00,2026-06-05,Fast Reversal,SELL,Drop 26.0 moves from recent high + red candle,1.16129,5.0,11.5,18.5,1.16101,1.16119,1.16076,1.16119,2026-06-05 04:28:00+03:00,LOSS,-18.0,3,False
3866,2026-06-05 04:31:00+03:00,2026-06-05,Fast Reversal,BUY,Rise 33.5 moves from recent low + green candle,1.16098,5.0,14.0,29.0,1.16134,1.16116,1.16159,1.16116,2026-06-05 04:39:00+03:00,LOSS,-18.0,8,False
3895,2026-06-05 05:00:00+03:00,2026-06-05,Fast Reversal,SELL,Drop 24.0 moves from recent high + red candle,1.1615,2.0,12.0,22.5,1.16125,1.16143,1.161,1.16143,2026-06-05 05:03:00+03:00,LOSS,-18.0,3,False
4106,2026-06-05 08:31:00+03:00,2026-06-05,Fast Reversal,BUY,Rise 28.5 moves from recent low + green candle,1.16153,6.0,9.5,19.5,1.16184,1.16166,1.16209,1.16166,2026-06-05 08:43:00+03:00,LOSS,-18.0,12,False
4114,2026-06-05 08:39:00+03:00,2026-06-05,Fast Reversal,SELL,Drop 22.5 moves from recent high + red candle,1.16194,3.0,9.5,11.0,1.1617,1.16188,1.16145,1.16159,2026-06-05 08:59:00+03:00,WIN,11.0,20,False
4132,2026-06-05 08:57:00+03:00,2026-06-05,Fast Reversal,SELL,Drop 25.5 moves from recent high + red candle,1.16181,4.0,13.0,20.0,1.16154,1.16172,1.16129,1.16141,2026-06-05 09:17:00+03:00,WIN,13.0,20,False
4138,2026-06-05 09:03:00+03:00,2026-06-05,Fast Reversal,SELL,Drop 43.5 moves from recent high + red candle,1.16181,3.0,8.5,18.0,1.16136,1.16154,1.16111,1.16154,2026-06-05 09:14:00+03:00,LOSS,-18.0,11,False
4152,2026-06-05 09:17:00+03:00,2026-06-05,Fast Reversal,SELL,Drop 22.0 moves from recent high + red candle,1.16161,4.0,9.0,1.5,1.16137,1.16155,1.16112,1.16155,2026-06-05 09:21:00+03:00,LOSS,-18.0,4,False
4162,2026-06-05 09:27:00+03:00,2026-06-05,Fast Impulse Breakout,BUY,Break above 20m high + 22.5 moves impulse,1.16167,2.0,11.0,22.5,1.16173,1.16155,1.16198,1.16198,2026-06-05 09:34:00+03:00,WIN,25.0,7,False
4171,2026-06-05 09:36:00+03:00,2026-06-05,Fast Reversal,BUY,Rise 46.5 moves from recent low + green candle,1.16161,3.0,9.5,20.0,1.16209,1.16191,1.16234,1.16191,2026-06-05 09:51:00+03:00,LOSS,-18.0,15,False
4186,2026-06-05 09:51:00+03:00,2026-06-05,Fast Reversal,SELL,Drop 39.0 moves from recent high + red candle,1.16228,4.0,18.5,34.0,1.16187,1.16205,1.16162,1.16205,2026-06-05 09:52:00+03:00,LOSS,-18.0,1,False
4198,2026-06-05 10:03:00+03:00,2026-06-05,Fast Reversal,BUY,Rise 24.5 moves from recent low + green candle,1.16205,1.0,9.0,8.0,1.1623,1.16212,1.16255,1.16255,2026-06-05 10:10:00+03:00,WIN,25.0,7,False
4203,2026-06-05 10:08:00+03:00,2026-06-05,Fast Reversal,BUY,Rise 32.0 moves from recent low + green candle,1.16217,5.0,9.5,19.5,1.16252,1.16234,1.16277,1.16277,2026-06-05 10:15:00+03:00,WIN,25.0,7,False
4210,2026-06-05 10:15:00+03:00,2026-06-05,Fast Impulse Breakout,BUY,Break above 20m high + 22.5 moves impulse,1.16272,2.0,18.0,22.5,1.16282,1.16264,1.16307,1.16264,2026-06-05 10:18:00+03:00,LOSS,-18.0,3,False
4217,2026-06-05 10:22:00+03:00,2026-06-05,Fast Reversal,BUY,Rise 28.5 moves from recent low + green candle,1.16257,4.0,9.0,7.0,1.16288,1.1627,1.16313,1.16313,2026-06-05 10:33:00+03:00,WIN,25.0,11,False
4224,2026-06-05 10:29:00+03:00,2026-06-05,Fast Reversal,BUY,Rise 37.0 moves from recent low + green candle,1.16265,2.0,8.0,14.5,1.16303,1.16285,1.16328,1.16328,2026-06-05 10:33:00+03:00,WIN,25.0,4,False
4232,2026-06-05 10:37:00+03:00,2026-06-05,Fast Reversal,BUY,Rise 55.5 moves from recent low + green candle,1.1629,3.0,8.5,38.0,1.16347,1.16329,1.16372,1.16329,2026-06-05 10:44:00+03:00,LOSS,-18.0,7,False
4243,2026-06-05 10:48:00+03:00,2026-06-05,Fast Reversal,BUY,Rise 31.0 moves from recent low + green candle,1.16329,5.0,9.0,20.5,1.16362,1.16344,1.16387,1.16344,2026-06-05 10:50:00+03:00,LOSS,-18.0,2,False
4252,2026-06-05 10:57:00+03:00,2026-06-05,Fast Reversal,SELL,Drop 29.5 moves from recent high + red candle,1.16361,5.0,12.5,8.5,1.16329,1.16347,1.16304,1.16347,2026-06-05 10:58:00+03:00,LOSS,-18.0,1,False
4258,2026-06-05 11:03:00+03:00,2026-06-05,Fast Reversal,BUY,Rise 41.0 moves from recent low + green candle,1.16318,3.0,17.0,11.5,1.16361,1.16343,1.16386,1.16386,2026-06-05 11:14:00+03:00,WIN,25.0,11,False
4263,2026-06-05 11:08:00+03:00,2026-06-05,Fast Impulse Breakout,BUY,Break above 20m high + 24.5 moves impulse,1.16381,1.0,16.0,24.5,1.16384,1.16366,1.16409,1.16366,2026-06-05 11:10:00+03:00,LOSS,-18.0,2,False
4269,2026-06-05 11:14:00+03:00,2026-06-05,Fast Reversal,BUY,Rise 37.0 moves from recent low + green candle,1.16357,4.0,17.5,21.5,1.16396,1.16378,1.16421,1.16378,2026-06-05 11:17:00+03:00,LOSS,-18.0,3,False
4275,2026-06-05 11:20:00+03:00,2026-06-05,Fast Reversal,SELL,Drop 24.5 moves from recent high + red candle,1.16399,3.0,20.5,14.5,1.16373,1.16391,1.16348,1.16391,2026-06-05 11:24:00+03:00,LOSS,-18.0,4,False
4282,2026-06-05 11:27:00+03:00,2026-06-05,Fast Reversal,SELL,Drop 27.5 moves from recent high + red candle,1.16399,5.0,12.5,6.5,1.16369,1.16387,1.16344,1.16387,2026-06-05 11:30:00+03:00,LOSS,-18.0,3,False
4315,2026-06-05 12:00:00+03:00,2026-06-05,Fast Impulse Breakout,SELL,Break below 20m low + 22.5 moves impulse,1.16365,2.0,18.0,22.5,1.16348,1.16366,1.16323,1.16366,2026-06-05 12:02:00+03:00,LOSS,-18.0,2,False
4320,2026-06-05 12:05:00+03:00,2026-06-05,Fast Reversal,BUY,Rise 39.0 moves from recent low + green candle,1.16346,1.0,18.5,36.0,1.16386,1.16368,1.16411,1.16411,2026-06-05 12:13:00+03:00,WIN,25.0,8,False
4328,2026-06-05 12:13:00+03:00,2026-06-05,Fast Impulse Breakout,BUY,Break above 20m high + 39.5 moves impulse,1.16402,3.0,34.0,39.5,1.16436,1.16418,1.16461,1.16418,2026-06-05 12:14:00+03:00,LOSS,-18.0,1,False
4336,2026-06-05 12:21:00+03:00,2026-06-05,Fast Reversal,BUY,Rise 41.5 moves from recent low + green candle,1.16391,5.0,22.0,10.5,1.16435,1.16417,1.1646,1.16417,2026-06-05 12:25:00+03:00,LOSS,-18.0,4,False
4343,2026-06-05 12:28:00+03:00,2026-06-05,Fast Reversal,SELL,Drop 46.0 moves from recent high + red candle,1.16444,5.0,9.5,32.5,1.16395,1.16413,1.1637,1.16391,2026-06-05 12:48:00+03:00,WIN,4.0,20,False
4405,2026-06-05 13:30:00+03:00,2026-06-05,Fast Reversal,BUY,Rise 38.5 moves from recent low + green candle,1.16394,3.0,11.0,20.0,1.16434,1.16416,1.16459,1.16416,2026-06-05 13:38:00+03:00,LOSS,-18.0,8,False
4411,2026-06-05 13:36:00+03:00,2026-06-05,Fast Reversal,SELL,Drop 26.0 moves from recent high + red candle,1.16443,2.0,14.0,21.0,1.16416,1.16434,1.16391,1.16391,2026-06-05 13:52:00+03:00,WIN,25.0,16,False
4416,2026-06-05 13:41:00+03:00,2026-06-05,Fast Reversal,SELL,Drop 32.5 moves from recent high + red candle,1.16441,1.0,12.0,9.0,1.16408,1.16426,1.16383,1.16426,2026-06-05 13:45:00+03:00,LOSS,-18.0,4,False
4424,2026-06-05 13:49:00+03:00,2026-06-05,Fast Reversal,SELL,Drop 22.5 moves from recent high + red candle,1.16425,4.0,16.0,10.0,1.16401,1.16419,1.16376,1.16376,2026-06-05 14:04:00+03:00,WIN,25.0,15,False
4437,2026-06-05 14:02:00+03:00,2026-06-05,Fast Reversal,SELL,Drop 26.0 moves from recent high + red candle,1.16405,4.0,12.5,19.5,1.16377,1.16395,1.16352,1.16377,2026-06-05 14:22:00+03:00,FLAT,0.0,20,False
4461,2026-06-05 14:26:00+03:00,2026-06-05,Fast Reversal,BUY,Rise 29.5 moves from recent low + green candle,1.16357,2.0,16.5,12.5,1.16388,1.1637,1.16413,1.1637,2026-06-05 14:39:00+03:00,LOSS,-18.0,13,False
4474,2026-06-05 14:39:00+03:00,2026-06-05,Fast Impulse Breakout,SELL,Break below 20m low + 25.5 moves impulse,1.16358,3.0,31.0,25.5,1.16353,1.16371,1.16328,1.16371,2026-06-05 14:47:00+03:00,LOSS,-18.0,8,False
4483,2026-06-05 14:48:00+03:00,2026-06-05,Fast Reversal,SELL,Drop 24.5 moves from recent high + red candle,1.1639,4.0,9.0,2.5,1.16364,1.16382,1.16339,1.16382,2026-06-05 14:50:00+03:00,LOSS,-18.0,2,False
4494,2026-06-05 14:59:00+03:00,2026-06-05,Fast Reversal,BUY,Rise 53.0 moves from recent low + green candle,1.16363,1.0,14.0,4.5,1.16416,1.16398,1.16441,1.16398,2026-06-05 15:02:00+03:00,LOSS,-18.0,3,False
4500,2026-06-05 15:05:00+03:00,2026-06-05,Fast Reversal,SELL,Drop 37.5 moves from recent high + red candle,1.16429,4.0,8.0,25.0,1.16389,1.16407,1.16364,1.16407,2026-06-05 15:08:00+03:00,LOSS,-18.0,3,False
4505,2026-06-05 15:10:00+03:00,2026-06-05,Fast Reversal,BUY,Rise 27.5 moves from recent low + green candle,1.16386,3.0,10.5,22.0,1.16415,1.16397,1.1644,1.16397,2026-06-05 15:15:00+03:00,LOSS,-18.0,5,False
4510,2026-06-05 15:15:00+03:00,2026-06-05,Fast Reversal,SELL,Drop 23.5 moves from recent high + red candle,1.16417,4.0,12.0,21.0,1.16391,1.16409,1.16366,1.16366,2026-06-05 15:28:00+03:00,WIN,25.0,13,False
4515,2026-06-05 15:20:00+03:00,2026-06-05,Fast Reversal,BUY,Rise 33.0 moves from recent low + green candle,1.16366,3.0,10.5,7.5,1.16401,1.16383,1.16426,1.16383,2026-06-05 15:24:00+03:00,LOSS,-18.0,4,False
4523,2026-06-05 15:28:00+03:00,2026-06-05,Fast Impulse Breakout,SELL,Break below 20m low + 33.0 moves impulse,1.16366,6.0,18.5,33.0,1.16354,1.16372,1.16329,1.16372,2026-06-05 15:30:00+03:00,LOSS,-18.0,2,True
4528,2026-06-05 15:33:00+03:00,2026-06-05,Fast Reversal,BUY,Rise 43.5 moves from recent low + green candle,1.16114,3.0,39.5,199.0,1.16159,1.16141,1.16184,1.16141,2026-06-05 15:34:00+03:00,LOSS,-18.0,1,False
4533,2026-06-05 15:38:00+03:00,2026-06-05,Fast Reversal,BUY,Rise 28.0 moves from recent low + green candle,1.16054,4.0,18.0,76.0,1.16084,1.16066,1.16109,1.16109,2026-06-05 15:39:00+03:00,WIN,25.0,1,False
4538,2026-06-05 15:43:00+03:00,2026-06-05,Fast Reversal,BUY,Rise 62.0 moves from recent low + green candle,1.16054,2.0,12.5,35.0,1.16117,1.16099,1.16142,1.16099,2026-06-05 15:44:00+03:00,LOSS,-18.0,1,False
4545,2026-06-05 15:50:00+03:00,2026-06-05,Fast Impulse Breakout,SELL,Break below 20m low + 45.0 moves impulse,1.16035,1.0,30.5,45.0,1.16018,1.16036,1.15993,1.15993,2026-06-05 15:53:00+03:00,WIN,25.0,3,False
4551,2026-06-05 15:56:00+03:00,2026-06-05,Fast Impulse Breakout,SELL,Break below 20m low + 68.0 moves impulse,1.15938,4.0,15.5,68.0,1.15933,1.15951,1.15908,1.15908,2026-06-05 15:59:00+03:00,WIN,25.0,3,False
4556,2026-06-05 16:01:00+03:00,2026-06-05,Fast Reversal,BUY,Rise 146.0 moves from recent low + green candle,1.15842,5.0,123.5,51.0,1.1599,1.15972,1.16015,1.15972,2026-06-05 16:02:00+03:00,LOSS,-18.0,1,False
4561,2026-06-05 16:06:00+03:00,2026-06-05,Fast Reversal,SELL,Drop 110.0 moves from recent high + red candle,1.15998,2.0,17.5,99.0,1.15887,1.15905,1.15862,1.15905,2026-06-05 16:08:00+03:00,LOSS,-18.0,2,False
4566,2026-06-05 16:11:00+03:00,2026-06-05,Fast Reversal,SELL,Drop 45.5 moves from recent high + red candle,1.15998,5.0,13.0,63.0,1.1595,1.15968,1.15925,1.15968,2026-06-05 16:12:00+03:00,LOSS,-18.0,1,False
4571,2026-06-05 16:16:00+03:00,2026-06-05,Fast Reversal,BUY,Rise 87.0 moves from recent low + green candle,1.15869,4.0,9.5,4.0,1.15958,1.1594,1.15983,1.15983,2026-06-05 16:21:00+03:00,WIN,25.0,5,False
